YEAR_MONTH,FISCAL_YEAR,BRAND,BRAND_QUALITY_SIZE,SALES_CHANNEL,VOLUME_IN_L,NET_SALES,COGS
201909,2020,brand_f,,on_trade,36782.28,236091.07,68930.05
201910,2020,brand_a,,off_trade,332678.232,1333108.84,561653.78
201809,2019,brand_a,,on_trade,114200.712,289170.26,201004.14
202005,2020,brand_e,,on_trade,-163.809,-22234.23,408.86
201907,2020,brand_d,,on_trade,15793.74,45059.87,30674.72
202006,2020,brand_d,,on_trade,3432.195,-33594.44,7244.96
201912,2020,brand_e,,on_trade,5063.427,36698.6,12470.76
202301,2023,brand_h,,on_trade,37427.994,239092.91,50813.01
201809,2019,brand_g,,off_trade,141615.9,1106673.09,272564
201904,2019,brand_g,,off_trade,116118.774,930459.55,223820.77
201905,2019,brand_e,,off_trade,48696.345,650254.96,109038.97
201808,2019,brand_a,,on_trade,123218.883,236306.76,210726.45
202104,2021,brand_g,,on_trade,12777.66,108195.58,24901.77
201808,2019,brand_h,,on_trade,44481.582,228831.12,57346.96
201901,2019,brand_h,,on_trade,25149.591,147194.9,32423
202212,2023,brand_h,,off_trade,356924.736,2039080.17,497864.29
202302,2023,brand_h,,off_trade,142809.831,778251.85,196771.09
201912,2020,brand_b,,off_trade,202073.184,749364.17,296406.33
202209,2023,brand_i,,off_trade,26226.882,296585.44,115974.91
202211,2023,brand_i,,off_trade,40874.355,311129.38,183251.3
201906,2019,brand_l,,on_trade,30947.544,123266.18,59816.16
202005,2020,brand_m,,on_trade,481.635,28575.96,3189.75
202003,2020,brand_g,,on_trade,36939.069,170852.45,65176.78
202112,2022,brand_l,,off_trade,23374.764,188788.37,73002.11
202105,2021,brand_f,,on_trade,80908.317,435069.29,153154.33
202108,2022,brand_e,,off_trade,66789.351,640186.22,153327.41
202207,2023,brand_e,,on_trade,1974.501,49939.53,8975.41
201807,2019,brand_f,,off_trade,55010.934,276004.48,97470.76
202206,2022,brand_k,,on_trade,6350.337,231081.09,45151.34
202004,2020,brand_g,,off_trade,157628.052,1067677.68,278156.97
202007,2021,brand_d,,on_trade,5555.151,24929.41,11256.77
202010,2021,brand_d,,on_trade,6852.24,12676.01,14386.41
202011,2021,brand_d,,on_trade,2074.743,-289.29,4806.86
202112,2022,brand_c,,on_trade,1548,347.8,3371.31
202007,2021,brand_g,,off_trade,233823.096,1905424.77,446433.17
202010,2021,brand_g,,off_trade,312690.051,2498245.34,594358.24
202012,2021,brand_b,,off_trade,175858.038,629937.57,254629.58
202010,2021,brand_m,,on_trade,482.724,20830.35,3828.57
201912,2020,brand_h,,off_trade,311400.045,1564882.56,395151.55
201808,2019,brand_j,,off_trade,17913.033,118919.28,31946.13
202302,2023,brand_i,,on_trade,8803.215,115899.22,39401.59
202206,2022,brand_e,,on_trade,1882.512,15035.28,11396.75
201809,2019,brand_h,,on_trade,45593.973,275284.12,58780.8
202112,2022,brand_c,,off_trade,333888.741,1085254.63,735197.9
202106,2021,brand_a,,off_trade,418033.854,1067060.17,681995.71
202007,2021,brand_f,,off_trade,64205.937,357066.48,120381.21
202107,2022,brand_h,,on_trade,62219.07,365716.28,81894.16
202206,2022,brand_h,,on_trade,70281.864,318678.73,88797.54
201812,2019,brand_f,,on_trade,51925.104,294648.16,95489.31
201901,2019,brand_f,,on_trade,21074.4,117281.64,41276.4
202006,2020,brand_b,,on_trade,2217.789,-484280,3319.49
202205,2022,brand_b,,off_trade,103682.952,351947.27,144110.68
202110,2022,brand_k,,on_trade,6598.791,221571.16,46917.46
202201,2022,brand_k,,on_trade,1219.797,42348.01,8672.78
202003,2020,brand_g,,off_trade,354257.946,2604304.54,624899.85
201905,2019,brand_e,,on_trade,2408.733,-64712.17,6007.14
202009,2021,brand_d,,on_trade,5987.43,10771.34,10982.06
202212,2023,brand_f,,off_trade,106306.038,696326.93,206637.91
201911,2020,brand_h,,off_trade,275760.063,1377314.21,337766.3
201808,2019,brand_c,,off_trade,733083.984,2072499.93,1426591.06
201901,2019,brand_c,,on_trade,9999,29932.7,19211.57
202103,2021,brand_a,,off_trade,475135.299,2189100.74,721543.57
201907,2020,brand_b,,off_trade,217476.567,868836.89,324663.8
201811,2019,brand_f,,on_trade,67887.684,374666.54,123921.83
202110,2022,brand_b,,off_trade,182423.205,658652.22,254013.2
202211,2023,brand_f,,off_trade,90572.247,520325.73,182264
202201,2022,brand_b,,on_trade,19868.427,-546.87,27794.71
202008,2021,brand_g,,on_trade,17976.033,147295.75,33263.2
202202,2022,brand_j,,on_trade,36573.579,379436.79,65288.27
202203,2022,brand_j,,on_trade,45498.582,442112.34,81220.45
202207,2023,brand_i,,off_trade,25455.006,189262.87,116328.17
201810,2019,brand_m,,on_trade,2381.157,47205.3,7971.14
201902,2019,brand_m,,on_trade,1003.113,15842.04,3110.34
201906,2019,brand_m,,on_trade,2011.626,67543.38,6790.01
202003,2020,brand_e,,off_trade,96183.846,991742.02,211683.51
202101,2021,brand_d,,off_trade,513423.216,1652976.83,1172014.96
201810,2019,brand_c,,on_trade,18873,69466.21,36261.61
202103,2021,brand_i,,off_trade,38260.161,497971.51,176715.02
202211,2023,brand_k,,off_trade,4690.764,138640.97,32933.85
201901,2019,brand_b,,off_trade,82509.507,444703.18,157810.52
201903,2019,brand_b,,off_trade,97993.575,380228.86,181271.88
201912,2020,brand_e,,off_trade,131481.144,1355467.99,291885.82
202210,2023,brand_d,,on_trade,18301.5,66146.11,33761.04
201906,2019,brand_j,,on_trade,15090.687,191309.4,26887.98
202109,2022,brand_d,,on_trade,12825,40296.88,24037.7
201911,2020,brand_l,,on_trade,7198.848,80953.55,21760.24
201808,2019,brand_k,,off_trade,2320.182,66085.19,16903.97
202008,2021,brand_e,,on_trade,792.027,15158.22,2112.64
202007,2021,brand_j,,on_trade,4027.788,25886.05,7996.33
202010,2021,brand_j,,on_trade,16648.794,120685.38,33052.66
202111,2022,brand_l,,on_trade,5279.409,38780.71,16488.12
201907,2020,brand_j,,on_trade,14704.182,126433.21,26023.55
202109,2022,brand_j,,off_trade,46846.755,350043.15,83627.12
202107,2022,brand_c,,on_trade,5728.5,20157.58,12475.76
201911,2020,brand_a,,on_trade,177762.465,427451.17,285814.75
202211,2023,brand_a,,off_trade,541955.574,2733300.61,838459.51
201908,2020,brand_a,,on_trade,129503.727,303014.92,213888.66
201901,2019,brand_j,,off_trade,14284.224,96223.15,25478.6
202204,2022,brand_a,,off_trade,318493.773,1474448.81,491349.62
202208,2023,brand_a,,on_trade,161457.498,-1828958.87,270689.98
202203,2022,brand_b,,off_trade,86026.68,293230.08,119587.35
202212,2023,brand_g,,off_trade,446719.041,4143348.76,887962.3
202103,2021,brand_f,,on_trade,1957.923,-78058.03,4846.22
202207,2023,brand_a,,on_trade,164892.393,2862666.34,279420.26
201901,2019,brand_k,,on_trade,3659.373,104512.2,26660.94
201903,2019,brand_h,,off_trade,114120.522,592202.04,147136.62
202003,2020,brand_l,,off_trade,18400.158,130067.93,55619.13
202202,2022,brand_b,,off_trade,58813.155,252715.46,80687.36
201902,2019,brand_j,,off_trade,12822.615,74583.49,22988.16
202001,2020,brand_b,,off_trade,74786.94,270585.22,109835.53
202008,2021,brand_f,,off_trade,64298.916,435490.15,127351.32
201906,2019,brand_a,,on_trade,125527.995,-226594.74,214963.68
201904,2019,brand_m,,off_trade,24746.985,351007.85,71233.04
202104,2021,brand_e,,on_trade,985.626,114056.48,4466.25
201810,2019,brand_m,,off_trade,84492.855,942972.39,236983.9
202204,2022,brand_i,,off_trade,37997.937,406840.06,171594.82
201911,2020,brand_d,,off_trade,1772250.831,5737238.04,3734219.11
202108,2022,brand_a,,on_trade,167745.15,462768.31,304271.02
202110,2022,brand_a,,on_trade,221307.705,552364.23,360697.88
202101,2021,brand_b,,off_trade,58022.397,352360,84463.48
202001,2020,brand_f,,off_trade,25594.191,133116.59,45090.21
202203,2022,brand_j,,off_trade,58133.925,440824.67,103776.1
202107,2022,brand_i,,off_trade,59653.755,660700.31,263798.39
202005,2020,brand_b,,on_trade,-11311.2,-192174.38,-15966.5
202005,2020,brand_c,,off_trade,786739.716,2259744.53,1500871.61
202102,2021,brand_m,,off_trade,34238.205,423137.12,95224.93
202208,2023,brand_m,,on_trade,1413.306,27563.28,5167.74
202301,2023,brand_i,,off_trade,19137.33,211369.71,86310.78
202010,2021,brand_h,,off_trade,198050.904,931167.23,257806.83
202001,2020,brand_k,,on_trade,2607.579,86334.45,18456.39
202002,2020,brand_j,,on_trade,12746.988,109788.58,22488.12
202105,2021,brand_d,,on_trade,18567,58055.12,36248.01
202110,2022,brand_i,,on_trade,10204.767,130515.75,43770.48
202006,2020,brand_e,,off_trade,101249.865,939295.92,228389.28
201903,2019,brand_m,,on_trade,1249.236,28946.26,4118.49
202111,2022,brand_h,,on_trade,109411.722,672188.17,138194.72
202112,2022,brand_h,,on_trade,43168.815,153646.39,54512.34
201911,2020,brand_l,,off_trade,31436.964,348404.95,95026.07
202203,2022,brand_h,,off_trade,253174.239,1270317.73,333688.05
202205,2022,brand_d,,off_trade,924063.732,3117394.02,1969683.07
202105,2021,brand_e,,on_trade,2074.311,25253.32,5908.23
202105,2021,brand_f,,off_trade,70267.752,455563.1,142959.78
201811,2019,brand_h,,on_trade,71741.376,448013.99,92490.93
202102,2021,brand_e,,off_trade,73952.073,774360,93081.36
201909,2020,brand_d,,on_trade,13392,37925.22,25473.72
202109,2022,brand_i,,off_trade,33521.031,381314.7,149168.36
202208,2023,brand_h,,on_trade,76275.522,35351.03,103158.4
202107,2022,brand_f,,on_trade,77892.21,382451.3,138121.86
202205,2022,brand_f,,on_trade,98533.836,609891.41,174288.16
202210,2023,brand_k,,off_trade,3238.812,101639.09,22739.51
201911,2020,brand_k,,on_trade,9382.176,327356.49,66406.63
202006,2020,brand_k,,on_trade,391.608,-49771.06,2771.7
201910,2020,brand_j,,off_trade,20714.4,121861.63,36650.42
201902,2019,brand_b,,off_trade,36237.555,134304.53,67038.22
202110,2022,brand_m,,on_trade,1036.134,18679.88,3346.94
202009,2021,brand_c,,off_trade,994284.459,2742526.15,1881613.36
201902,2019,brand_e,,on_trade,1559.745,-18763.44,6317.9
202202,2022,brand_g,,on_trade,39830.751,299025.73,78185.46
202002,2020,brand_e,,on_trade,3254.436,30695.87,7766.91
202004,2020,brand_i,,off_trade,19532.997,194912.14,91036.84
202205,2022,brand_l,,off_trade,38572.767,250874.85,120467.16
201808,2019,brand_d,,off_trade,1059910.47,3203034.4,2273954.61
202204,2022,brand_k,,off_trade,2914.2,101791.97,20719.95
202007,2021,brand_c,,off_trade,1203136.344,3297487.45,2246979.24
201907,2020,brand_c,,off_trade,648387.054,1884388.71,1249161.23
201809,2019,brand_d,,on_trade,20664.81,68178.49,41338.59
201908,2020,brand_c,,on_trade,24600.06,89226.86,46705.25
201910,2020,brand_c,,on_trade,29068.56,108053.75,55112.61
201907,2020,brand_l,,on_trade,5539.779,59164.15,16745.47
202004,2020,brand_l,,on_trade,-201.6,-10243.33,-609.37
202102,2021,brand_l,,on_trade,178.227,-2110.66,529.81
202109,2022,brand_j,,on_trade,27266.373,250728.69,48673.8
201808,2019,brand_k,,on_trade,6413.337,214984.67,46725.41
201809,2019,brand_k,,on_trade,6638.967,218212.48,48369.11
202007,2021,brand_b,,off_trade,158572.647,517374.46,229422.59
201908,2020,brand_k,,off_trade,2965.788,104856.64,20991.73
202012,2021,brand_a,,on_trade,30200.058,-203474.98,51216.94
201910,2020,brand_f,,on_trade,47302.668,275564.84,86289.33
201910,2020,brand_e,,on_trade,2420.532,17372.64,9312.18
202210,2023,brand_e,,on_trade,1843.218,24993.84,4287.34
201812,2019,brand_a,,off_trade,477727.722,1879890.16,889714.14
202004,2020,brand_e,,on_trade,-67.176,126819.47,310.29
202203,2022,brand_g,,on_trade,55714.491,343325.01,109775.35
202108,2022,brand_a,,off_trade,335007,1246918.27,561013.72
201903,2019,brand_g,,off_trade,323780.724,2335648.77,626793.03
202211,2023,brand_e,,on_trade,3123.801,51531.63,9768.99
202210,2023,brand_b,,off_trade,97275.546,416306.07,153645.01
202201,2022,brand_i,,off_trade,24456.555,264884.91,108802.15
202011,2021,brand_j,,off_trade,87540.498,446390.63,173853.27
202012,2021,brand_j,,off_trade,123710.877,708823.38,245643.3
202105,2021,brand_j,,off_trade,49685.985,422680.66,98641.08
201909,2020,brand_a,,off_trade,296103.375,1291765.44,463959.5
201811,2019,brand_b,,on_trade,119116.422,310794.83,178884.34
201810,2019,brand_g,,off_trade,234059.751,1773534.79,461490.52
202003,2020,brand_f,,off_trade,34496.388,220127.86,62914.29
202105,2021,brand_k,,off_trade,2798.964,83573.25,20268.07
202012,2021,brand_g,,on_trade,5405.445,-38583.12,12053.12
201902,2019,brand_h,,on_trade,37058.616,204106.53,47778.44
202210,2023,brand_h,,off_trade,298593.936,1576480.75,412104.94
202301,2023,brand_h,,off_trade,128213.658,915252.28,176547.22
202006,2020,brand_i,,off_trade,65728.746,611096.85,306340.09
201908,2020,brand_b,,off_trade,175478.517,555629.55,258900.69
202109,2022,brand_b,,on_trade,74261.349,205459.15,98930.74
201902,2019,brand_g,,on_trade,39114.918,275283.05,75330.38
202108,2022,brand_l,,off_trade,26039.358,211092.32,81323.94
202205,2022,brand_h,,on_trade,70995.528,396602.83,89669.47
202009,2021,brand_f,,on_trade,41527.278,293093.4,77292.07
202205,2022,brand_m,,off_trade,49421.358,719021.38,127925.27
201908,2020,brand_g,,on_trade,37994.4,260321.25,66431.1
202004,2020,brand_b,,on_trade,-4439.385,-367839,-6438.38
202210,2023,brand_b,,on_trade,84474.531,295861.81,129672.69
202012,2021,brand_g,,off_trade,446103.198,3577355,850073.54
202105,2021,brand_g,,off_trade,196249.572,1386327.22,391301.94
202005,2020,brand_l,,off_trade,31042.197,211701.76,93832.65
202003,2020,brand_i,,on_trade,1560.06,18238.91,7270.7
201812,2019,brand_a,,on_trade,158075.721,561232.95,262057.2
201812,2019,brand_b,,on_trade,105483.078,383298.64,157373.82
202010,2021,brand_j,,off_trade,36220.788,203206.86,71908.75
202010,2021,brand_a,,off_trade,397598.958,1844834.07,630114.03
201909,2020,brand_m,,on_trade,1215.333,18471.86,5154.94
202203,2022,brand_l,,off_trade,29454.57,197748.99,91989.97
202001,2020,brand_c,,off_trade,331995.636,1087189.78,626381.68
201911,2020,brand_m,,on_trade,2186.136,113733.19,9112.69
202005,2020,brand_d,,off_trade,1395437.724,4236504.72,2717465.53
201808,2019,brand_f,,on_trade,52266.303,217428.31,98963.99
201811,2019,brand_f,,off_trade,36536.382,204540.62,64953.7
201812,2019,brand_d,,on_trade,23895,90186.14,47037.84
202103,2021,brand_h,,off_trade,253895.832,1295248.52,340456.29
201905,2019,brand_l,,off_trade,20088.612,144579.93,58566.17
202103,2021,brand_b,,off_trade,153044.316,498144.64,219306.22
201908,2020,brand_l,,off_trade,27472.212,213384.02,83041.46
202104,2021,brand_b,,on_trade,39766.752,45497.84,56997.88
201905,2019,brand_j,,off_trade,15850.8,99527.17,28241.01
201907,2020,brand_d,,off_trade,1034588.025,3358092.89,2208378.54
202104,2021,brand_g,,off_trade,136049.328,1160417.09,261303.42
202012,2021,brand_j,,on_trade,8131.194,29170.47,16142.82
202105,2021,brand_j,,on_trade,36661.788,339706.77,72784.24
202209,2023,brand_m,,on_trade,1045.8,21626.51,2830.76
202201,2022,brand_l,,on_trade,2230.227,32676.91,6965.14
201908,2020,brand_j,,on_trade,17858.376,156593.65,31543
202003,2020,brand_j,,on_trade,15892.785,127932.67,28037.86
202009,2021,brand_e,,off_trade,128333.907,1322856.71,302782.94
202212,2023,brand_j,,on_trade,48623.373,474718.48,70145.29
201810,2019,brand_d,,on_trade,26575.56,100430.77,52890.15
202011,2021,brand_c,,off_trade,1053442.332,3135608.21,2017400.51
202012,2021,brand_c,,off_trade,582467.913,1642392.45,1121510.18
202004,2020,brand_k,,off_trade,4993.803,143784.44,35345.79
202202,2022,brand_m,,on_trade,1465.794,33538.73,6004.42
202108,2022,brand_j,,on_trade,33310.17,390853.44,59462.69
201810,2019,brand_b,,off_trade,92775.177,347266.75,162376.96
202211,2023,brand_d,,on_trade,17595,57909.94,32772.14
201901,2019,brand_k,,off_trade,2669.382,67399.8,19448.14
202008,2021,brand_l,,on_trade,2709.027,29280.4,8053.81
202009,2021,brand_l,,on_trade,3242.421,30341.01,9639.57
202208,2023,brand_c,,on_trade,1858.5,10793.57,4056.41
202007,2021,brand_i,,off_trade,42423.012,445947.92,194726.71
202111,2022,brand_j,,off_trade,59933.916,396886.63,106989.31
202204,2022,brand_j,,off_trade,39043.134,283494.62,69696.77
201908,2020,brand_j,,off_trade,21432.609,111491.91,37921.74
201907,2020,brand_g,,on_trade,30287.412,210711.18,53110.06
202001,2020,brand_g,,on_trade,23797.782,143688.02,41755.06
202006,2020,brand_g,,on_trade,2691.099,-162587.8,5790.78
202212,2023,brand_b,,on_trade,103872.528,268647.92,156134.32
202009,2021,brand_g,,on_trade,23914.188,136499.46,44738.47
202203,2022,brand_e,,off_trade,45030.546,570642.08,104672.22
202012,2021,brand_f,,on_trade,10776.663,-50579.37,22791.35
202006,2020,brand_h,,off_trade,306169.218,1310970.34,391026.94
202103,2021,brand_j,,off_trade,39358.206,238064.82,78138.47
201905,2019,brand_d,,off_trade,667982.574,2115393.27,1460580.01
202008,2021,brand_f,,on_trade,35104.599,231306.39,65243.28
201902,2019,brand_a,,off_trade,197696.907,633654.03,425650.68
201902,2019,brand_h,,off_trade,80583.516,304752.93,103818.25
202106,2021,brand_j,,off_trade,38119.077,208927.5,75677.67
201907,2020,brand_m,,off_trade,32546.43,433619.28,91091.35
202202,2022,brand_h,,off_trade,164287.719,1031073.55,213145.82
202211,2023,brand_c,,on_trade,3069,11984.97,6698.46
202011,2021,brand_d,,off_trade,2050877.052,6579768.19,4537472.3
202106,2021,brand_d,,off_trade,1233647.37,3756263.33,2829239.03
202011,2021,brand_a,,off_trade,628358.067,2695620.44,993154.92
202101,2021,brand_a,,off_trade,267759.27,1124249.68,440355.01
201909,2020,brand_g,,off_trade,226345.527,1762926.26,399327.77
202006,2020,brand_d,,off_trade,923414.355,2817844.58,1904476.39
202102,2021,brand_a,,off_trade,398722.842,1411742.41,602528.07
201905,2019,brand_f,,on_trade,54561.213,307238.17,104350.55
202201,2022,brand_a,,on_trade,50615.73,-210380.59,79232.6
202004,2020,brand_f,,off_trade,46546.191,276274.13,84484.06
201807,2019,brand_g,,off_trade,153426.816,1183111.08,295186.04
201901,2019,brand_g,,off_trade,96595.065,747083.57,187126.23
201905,2019,brand_g,,off_trade,119872.989,1071997.71,239097.5
202011,2021,brand_i,,on_trade,802.935,9404.12,3646.17
202204,2022,brand_b,,on_trade,84133.764,340810.54,114381.53
202002,2020,brand_c,,off_trade,445508.262,1345435.43,861638.98
201910,2020,brand_f,,off_trade,39128.337,245134.93,70663.53
202209,2023,brand_b,,off_trade,77880.465,326662.32,119998.14
202301,2023,brand_b,,off_trade,50310.513,263145.95,78509.35
202209,2023,brand_i,,on_trade,7243.785,92378.07,32558.76
202301,2023,brand_e,,off_trade,44607.555,490365.55,101034.29
201908,2020,brand_k,,on_trade,6006.375,209294.92,42512.89
201911,2020,brand_j,,on_trade,27182.394,237316.83,48111.38
202007,2021,brand_g,,on_trade,12411.333,62416.2,23812.46
202103,2021,brand_d,,on_trade,1147.5,1899.05,2228.35
201904,2019,brand_k,,off_trade,2818.773,108726.45,20536.61
201905,2019,brand_k,,off_trade,2863.773,94601.27,20864.48
202101,2021,brand_c,,off_trade,207010.737,659812.4,397703.86
202203,2022,brand_a,,off_trade,435978.153,1852033.96,677626.66
202211,2023,brand_b,,on_trade,96374.169,274091.51,144788.91
201807,2019,brand_h,,off_trade,203901.138,1016794.91,262624.6
202102,2021,brand_k,,on_trade,807.498,23257.68,5847.26
202002,2020,brand_d,,off_trade,989121.519,3170478.04,2067299.82
201812,2019,brand_g,,off_trade,310519.521,2286602.68,600850.08
201810,2019,brand_d,,off_trade,1532799.693,4740763.72,3337416.93
202003,2020,brand_c,,off_trade,769187.052,2268443.52,1481267.16
202202,2022,brand_c,,off_trade,508284,1676841.69,1110407.65
202301,2023,brand_l,,on_trade,2400.003,20226.27,7945.41
201910,2020,brand_j,,on_trade,19143.603,166300.3,33851.15
202005,2020,brand_j,,on_trade,-79.803,-4393.24,-140.78
202111,2022,brand_m,,on_trade,3994.911,83139.42,13629.54
202112,2022,brand_m,,on_trade,1207.971,31429.54,3517.01
202205,2022,brand_e,,on_trade,1909.188,50027.29,5975.82
202104,2021,brand_d,,on_trade,4167,13342.41,8093.06
202203,2022,brand_i,,on_trade,8190.171,96328.06,35560.32
202204,2022,brand_i,,on_trade,13664.367,164224.08,58741.21
201905,2019,brand_c,,off_trade,714950.856,2059601.82,1401469.24
202109,2022,brand_g,,off_trade,363931.974,2995820.07,724213.64
202203,2022,brand_g,,off_trade,406212.381,3336379.17,833645.98
202205,2022,brand_g,,off_trade,260597.448,2292703.56,517921.67
201810,2019,brand_e,,on_trade,3551.22,-12533.33,15457.13
201901,2019,brand_e,,on_trade,1472.346,5133.12,7353.53
201908,2020,brand_g,,off_trade,139011.435,1017770.89,243969.23
202110,2022,brand_c,,off_trade,355005.621,1267555.3,798102.81
202002,2020,brand_m,,on_trade,1215.612,22832.43,5047.84
202004,2020,brand_j,,on_trade,-995.4,913.26,-1766.28
201908,2020,brand_e,,off_trade,59732.946,650305.02,134540.24
202204,2022,brand_h,,on_trade,65643.48,403584.31,82937.6
202203,2022,brand_e,,on_trade,1704.294,24330.68,7492.1
201905,2019,brand_m,,on_trade,1312.533,6870.33,4072.02
201902,2019,brand_d,,on_trade,20599.56,70156.97,41488.53
201906,2019,brand_d,,on_trade,14967,44371.98,29037.87
201903,2019,brand_l,,on_trade,4529.466,43188.34,13205.11
202107,2022,brand_e,,on_trade,1029.924,-17279.95,2992.45
202010,2021,brand_l,,on_trade,1533.006,12227.39,4557.61
202302,2023,brand_k,,on_trade,3738.573,127570.48,26248.53
202008,2021,brand_d,,off_trade,1028779.524,3131145.78,2150523.75
201807,2019,brand_b,,on_trade,83399.355,280336.75,122607.59
201901,2019,brand_b,,on_trade,44486.379,79630.48,65090.08
202109,2022,brand_k,,off_trade,2789.991,92094.76,19836.88
202301,2023,brand_d,,on_trade,8451,28396.11,15410.51
202207,2023,brand_k,,on_trade,5435.982,187686.09,38165.9
202207,2023,brand_j,,on_trade,34998.579,579955.11,50489.83
202210,2023,brand_j,,on_trade,45149.958,411016.15,65134.48
201907,2020,brand_c,,on_trade,24623.1,87760.34,46555.6
202112,2022,brand_d,,on_trade,12258,44580.66,23667.36
202204,2022,brand_d,,on_trade,21519,74448.72,39767.08
202008,2021,brand_j,,on_trade,19991.997,162620.32,39689.9
202210,2023,brand_j,,off_trade,64902.528,492349.63,93630.05
201910,2020,brand_k,,off_trade,5140.791,162729.08,36386.22
202005,2020,brand_k,,off_trade,3358.17,82513.71,23769.11
202010,2021,brand_i,,off_trade,40865.418,455233.78,187742.1
202006,2020,brand_a,,on_trade,7501.95,-981473.27,12571.72
202207,2023,brand_b,,on_trade,83845.611,874786.39,127674.54
202202,2022,brand_e,,off_trade,34184.367,379449.65,80107.64
202110,2022,brand_a,,off_trade,452059.641,1875388.84,724907.62
202201,2022,brand_a,,off_trade,296421.867,1739429.75,479994.8
202105,2021,brand_b,,on_trade,85917.483,303357.68,123595.39
202204,2022,brand_e,,off_trade,47445.579,523183.42,108356.89
202007,2021,brand_a,,on_trade,44995.788,1845.49,70507.26
201912,2020,brand_l,,off_trade,28855.8,120870.52,87223.77
202001,2020,brand_m,,off_trade,28287.882,365526.06,77598.23
202005,2020,brand_m,,off_trade,65630.358,723678.82,181447.92
202301,2023,brand_m,,off_trade,28586.367,498246.23,77387.82
202004,2020,brand_h,,off_trade,220034.925,1094237.19,274872.33
201812,2019,brand_j,,off_trade,42021,221936.12,75077.62
201903,2019,brand_j,,off_trade,18774.018,105735.19,33469.42
202004,2020,brand_f,,on_trade,-884.097,-51026.29,-818.37
202105,2021,brand_h,,on_trade,54731.673,248538.18,68686.86
202207,2023,brand_m,,off_trade,40409.649,314879.67,107655.38
202007,2021,brand_k,,on_trade,1746,40615,12643.09
202009,2021,brand_k,,on_trade,4451.328,152020.66,32232.71
202104,2021,brand_f,,off_trade,72534.339,412336.32,143948.94
202206,2022,brand_d,,off_trade,1093287.141,3870769.37,2382352.49
202207,2023,brand_d,,off_trade,552905.667,-495989.34,1179481.25
201810,2019,brand_a,,on_trade,146690.406,378518.46,258355.05
201901,2019,brand_a,,on_trade,59338.818,32329.46,101700.99
201903,2019,brand_a,,on_trade,139898.205,326539.98,245078.88
202109,2022,brand_f,,off_trade,76687.686,539169.3,148912.4
201812,2019,brand_m,,off_trade,84182.616,920557.8,232951.27
201903,2019,brand_b,,on_trade,118031.067,363663.08,174034.83
202203,2022,brand_f,,off_trade,56042.91,335173.31,101381.53
201912,2020,brand_a,,off_trade,508073.85,2202281.1,863526.04
202008,2021,brand_m,,off_trade,32609.25,447015.67,91644.03
202110,2022,brand_f,,on_trade,85207.707,420205.11,150376.1
202104,2021,brand_l,,off_trade,29897.361,214902.32,88883.81
202207,2023,brand_f,,on_trade,77279.706,1270760.29,141377.06
202212,2023,brand_f,,on_trade,61291.728,255641.72,114954.89
201902,2019,brand_e,,off_trade,48752.379,536120.02,116936.78
201906,2019,brand_b,,off_trade,157343.301,611425.56,256315.75
202002,2020,brand_a,,on_trade,117546.867,264002.66,194125
202009,2021,brand_m,,on_trade,910.719,37580.86,3790.78
202104,2021,brand_m,,on_trade,579.636,23016.38,2916.67
202006,2020,brand_f,,on_trade,3383.316,-285822.51,8640.71
202212,2023,brand_c,,on_trade,4324.5,21221.32,9438.75
202301,2023,brand_d,,off_trade,833401.917,2747196.33,1714539.32
202302,2023,brand_d,,off_trade,806889.276,2700322.38,1625813.42
202302,2023,brand_g,,on_trade,47984.166,368291.65,91448.55
202206,2022,brand_m,,off_trade,84520.377,1103883.45,220519.33
202007,2021,brand_e,,on_trade,371.421,-26855.42,1441.63
202011,2021,brand_e,,on_trade,587.52,-24417.6,2062.28
202109,2022,brand_a,,on_trade,206031.177,701495.8,355934.21
201912,2020,brand_f,,off_trade,59384.916,363023.74,106744.67
202205,2022,brand_c,,off_trade,387531,1305900.81,843229.03
202212,2023,brand_e,,off_trade,98815.68,1129923.69,203915.16
201809,2019,brand_f,,off_trade,21629.376,119874.28,39112.67
202005,2020,brand_k,,on_trade,27.486,-11635.57,194.65
202111,2022,brand_i,,on_trade,9442.161,113080.6,41145.88
202208,2023,brand_f,,on_trade,69139.17,-437864.95,126566.86
201810,2019,brand_e,,off_trade,67818.852,647834.91,153166.31
201808,2019,brand_g,,off_trade,166861.323,1276121.26,322342.16
202205,2022,brand_j,,off_trade,26821.152,216019.99,47879.05
201812,2019,brand_e,,off_trade,133379.217,1359987.23,296804.07
201906,2019,brand_e,,on_trade,2288.691,-49050.1,6307.43
202108,2022,brand_g,,on_trade,35911.746,251948.55,70246.82
202010,2021,brand_k,,off_trade,7888.167,212833.88,57119.98
202102,2021,brand_k,,off_trade,870.597,24700.03,6304.17
201811,2019,brand_d,,on_trade,27773.406,58992.42,55940.73
202008,2021,brand_b,,off_trade,154820.826,676775.94,223131.14
202010,2021,brand_b,,off_trade,157359.303,676237.08,226292.65
202001,2020,brand_i,,on_trade,2121.012,27288.19,10430.32
202002,2020,brand_i,,on_trade,3754.836,50877.74,17499.89
201807,2019,brand_c,,off_trade,513961.074,1562448.4,1005197.02
202106,2021,brand_k,,off_trade,3537.603,137459.38,25616.42
202202,2022,brand_c,,on_trade,2754,13327.21,5997.81
202009,2021,brand_b,,off_trade,189399.402,567925.69,276947.63
201807,2019,brand_d,,on_trade,11730.06,611.01,23935.64
202005,2020,brand_l,,on_trade,333.207,5552.37,1007.19
202102,2021,brand_j,,on_trade,382.203,53942.24,763.69
202007,2021,brand_d,,off_trade,1083020.166,3513629.16,2386848.19
202201,2022,brand_j,,on_trade,24414.588,228121.25,43582.91
201807,2019,brand_c,,on_trade,16187.31,60290.12,31674.04
202204,2022,brand_l,,on_trade,5387.985,65410.55,16827.29
202209,2023,brand_j,,on_trade,27375.579,263388.77,39492.71
202101,2021,brand_a,,on_trade,553.203,-37826.06,1022.09
201912,2020,brand_f,,on_trade,50744.142,274991.28,92440.24
202109,2022,brand_a,,off_trade,437227.758,1968390.73,716421.49
202302,2023,brand_a,,on_trade,190909.647,662135.07,313956.6
201809,2019,brand_a,,off_trade,279227.529,1176382.3,461001.15
201908,2020,brand_a,,off_trade,327364.623,1073259.93,504729.1
202003,2020,brand_a,,off_trade,391856.967,1386401.53,588680.25
202301,2023,brand_e,,on_trade,1463.103,-38055.66,6435.64
201808,2019,brand_b,,on_trade,93601.818,197009.04,138007.86
201902,2019,brand_b,,on_trade,79512.255,299254.18,119088.63
201902,2019,brand_g,,off_trade,248163.291,1667094.59,478123.82
202008,2021,brand_k,,off_trade,1708.794,54876.96,12373.69
201808,2019,brand_e,,off_trade,56417.076,590244.61,126342.49
201809,2019,brand_b,,on_trade,76341.564,265499.38,114075.73
202002,2020,brand_d,,on_trade,17067.24,64979.13,33084.2
202108,2022,brand_i,,off_trade,29569.149,265184.54,132350.21
202104,2021,brand_j,,off_trade,40156.173,192135.02,79736.4
202211,2023,brand_d,,off_trade,1632176.928,5391358.22,3309695.73
201903,2019,brand_e,,off_trade,78590.322,868697.38,171955.46
202209,2023,brand_h,,off_trade,222109.992,1268073.18,307557.56
202002,2020,brand_b,,off_trade,98131.68,280470.23,148318.07
202006,2020,brand_b,,off_trade,225491.706,512427.18,332939.08
202206,2022,brand_b,,on_trade,91178.946,303353.76,122790.64
202212,2023,brand_i,,off_trade,34460.973,307997.58,157587.73
202302,2023,brand_i,,off_trade,11967.894,106514.37,56111
202010,2021,brand_f,,on_trade,15828.894,-95716.99,31121.74
201909,2020,brand_c,,off_trade,1103931.405,3202276.57,2152941.92
202210,2023,brand_f,,on_trade,58675.203,333918.31,112652.26
201809,2019,brand_h,,off_trade,139821.534,723330.98,153543.18
202211,2023,brand_l,,on_trade,4899.006,50835.21,16218.43
202302,2023,brand_l,,on_trade,3893.409,41569.76,12889.34
202201,2022,brand_f,,on_trade,17778.402,44779.68,31919.91
201907,2020,brand_a,,on_trade,121691.331,305042.85,197443.43
202206,2022,brand_m,,on_trade,1494.909,27199.51,4704.86
201904,2019,brand_f,,off_trade,29285.352,197240.48,55467.44
202101,2021,brand_h,,off_trade,93591.477,401826.48,123269.89
201809,2019,brand_l,,off_trade,11117.412,104462.57,32411.6
202104,2021,brand_b,,off_trade,173519.253,547890.12,250456.47
201911,2020,brand_i,,on_trade,5711.994,76467.72,27672.54
201909,2020,brand_h,,off_trade,130382.919,671154.14,161336.13
201910,2020,brand_b,,on_trade,115186.095,358743.79,163063.32
202110,2022,brand_g,,on_trade,48930.354,322350.75,97058.63
202106,2021,brand_i,,on_trade,13771.161,253518.75,62907.54
202111,2022,brand_b,,on_trade,107165.322,265548.24,140881.72
201912,2020,brand_m,,on_trade,1609.578,43800.93,6211.4
202202,2022,brand_m,,off_trade,23647.815,418374.12,64490.38
202206,2022,brand_e,,off_trade,61985.304,618502.62,146330.44
201909,2020,brand_d,,off_trade,853995.501,2724866.73,1825561.5
201901,2019,brand_h,,off_trade,66557.403,422278.42,85806.28
201910,2020,brand_g,,on_trade,48902.139,370649.84,86246.33
202112,2022,brand_b,,off_trade,101707.092,354537.8,142421.73
202204,2022,brand_f,,on_trade,79119.558,424110.64,141540.59
201810,2019,brand_f,,off_trade,45535.491,281642.75,82935.17
202206,2022,brand_d,,on_trade,6705,13796.62,13109.16
201808,2019,brand_l,,off_trade,40592.943,350672.79,118344.52
202105,2021,brand_i,,off_trade,27123.66,246329.84,124940.42
202106,2021,brand_i,,off_trade,60797.079,576412.06,279607.76
202111,2022,brand_c,,on_trade,5670,26821.38,12348.37
202011,2021,brand_m,,off_trade,128569.968,1591938.89,354325.13
202101,2021,brand_b,,on_trade,29.403,-57803.31,52.63
202206,2022,brand_l,,off_trade,21016.782,102073.61,65637.82
202202,2022,brand_f,,on_trade,52975.017,336507.43,94336.14
202105,2021,brand_b,,off_trade,132234.489,405109.05,191413.85
201908,2020,brand_h,,off_trade,152228.025,758523.34,190079.09
202205,2022,brand_f,,off_trade,64632.501,433128.34,125128.64
202206,2022,brand_l,,on_trade,5926.212,51713.04,18508.17
202107,2022,brand_i,,on_trade,11683.836,159946.07,49419.05
202201,2022,brand_i,,on_trade,3703.212,47807.75,15797.77
202302,2023,brand_j,,on_trade,43663.221,418641.32,62989.64
202010,2021,brand_i,,on_trade,880.803,6463.36,4043.96
201911,2020,brand_i,,off_trade,33508.233,358343.24,158952.21
201908,2020,brand_i,,off_trade,19975.203,241560.64,106377.46
202207,2023,brand_m,,on_trade,785.403,20579.3,2250.2
201909,2020,brand_c,,on_trade,18927,64487.2,35546.21
201912,2020,brand_c,,on_trade,28284.3,142321.49,54105.5
201812,2019,brand_j,,on_trade,18912.591,191757.97,33805.99
201908,2020,brand_l,,on_trade,4111.2,44494.65,12427.17
202001,2020,brand_l,,on_trade,1642.212,4230.16,4964.04
201810,2019,brand_k,,off_trade,5339.394,198863.71,38900.72
201906,2019,brand_k,,off_trade,3496.212,116051.11,25471.9
202209,2023,brand_j,,off_trade,40748.391,272503.19,58784.65
202011,2021,brand_l,,on_trade,907.92,14306.8,2699.19
202104,2021,brand_l,,on_trade,2324.475,24888.03,6910.48
202004,2020,brand_j,,off_trade,39467.367,232987.57,69658.42
201912,2020,brand_k,,on_trade,9154.206,316190.58,64792.87
202105,2021,brand_l,,off_trade,25634.394,196927.1,76210.07
202103,2021,brand_l,,off_trade,18082.764,161839.08,53759.46
202009,2021,brand_a,,on_trade,118540.539,111250.63,202680.63
202106,2021,brand_a,,on_trade,158797.44,-36386.55,259565.16
202202,2022,brand_a,,on_trade,151902.468,601447.42,245525.16
202005,2020,brand_f,,on_trade,-482.004,-53443.92,481.15
202004,2020,brand_a,,off_trade,377172.117,1538959.28,589836.38
202212,2023,brand_a,,off_trade,577137.015,2769430.38,926392.43
202109,2022,brand_g,,on_trade,38424.942,290239.23,75203.45
202204,2022,brand_g,,on_trade,33575.094,217203.75,65643.6
202206,2022,brand_c,,off_trade,155340,686631.12,346715.14
202111,2022,brand_i,,off_trade,47294.685,533723.18,212787.47
202004,2020,brand_a,,on_trade,-7582.77,-345086.06,-11935.32
202210,2023,brand_d,,off_trade,1370081.664,4914934.37,2900475.25
202212,2023,brand_d,,off_trade,839140.29,2912234.54,1756744.15
202011,2021,brand_g,,on_trade,5022.036,50664.64,11188.26
202105,2021,brand_g,,on_trade,27197.622,251414.9,50645.47
202109,2022,brand_c,,off_trade,718896.294,2285456.27,1608189.61
202208,2023,brand_h,,off_trade,263874.96,2029822.48,362631.17
202211,2023,brand_h,,off_trade,372793.32,2264762.98,510498.6
201908,2020,brand_m,,on_trade,1161.315,31786.69,5112.42
202001,2020,brand_m,,on_trade,889.047,31899.94,4243.11
202207,2023,brand_c,,off_trade,58810.5,-577809.01,132721.08
201809,2019,brand_g,,on_trade,33111.612,251529.21,64374.11
201811,2019,brand_g,,on_trade,76319.055,593123.76,147725.45
202203,2022,brand_h,,on_trade,63361.764,384992.43,80034.21
202111,2022,brand_e,,off_trade,75600.171,817040.02,179917.93
202110,2022,brand_m,,off_trade,63014.913,513812.27,165022.73
201812,2019,brand_d,,off_trade,619488.207,2069386.7,1371381.2
202208,2023,brand_e,,on_trade,1013.346,-877.08,4780.47
201912,2020,brand_g,,on_trade,64407.609,489161.89,113149.29
202108,2022,brand_c,,off_trade,177339.132,652967.56,405717.15
201906,2019,brand_f,,on_trade,51614.199,134127.43,96924.1
202212,2023,brand_h,,on_trade,63266.355,453655.61,85788.37
202206,2022,brand_c,,on_trade,1638,1845.62,3567.33
201808,2019,brand_e,,on_trade,2283.318,-13532.5,5833.25
201903,2019,brand_e,,on_trade,3599.397,-8145.52,10798.76
202103,2021,brand_m,,off_trade,34941.267,446549.69,94916.1
201910,2020,brand_l,,off_trade,39737.997,373392.47,120117.88
201910,2020,brand_h,,off_trade,235083.438,1092013.55,292715.37
202210,2023,brand_g,,on_trade,47183.4,357191.63,90606.87
201810,2019,brand_j,,off_trade,32919.597,202002,58741.03
202002,2020,brand_f,,on_trade,39915.081,150192.39,72057.24
202001,2020,brand_i,,off_trade,7152.615,92966.67,36687.1
202002,2020,brand_i,,off_trade,6963.327,62746.27,32453.72
202204,2022,brand_l,,off_trade,7778.421,41091.73,24292.82
202110,2022,brand_h,,on_trade,54764.379,252156.62,69170.08
202211,2023,brand_f,,on_trade,65956.095,630506.17,125244.43
202107,2022,brand_c,,off_trade,177893.307,653942.14,398778.66
202108,2022,brand_g,,off_trade,266911.479,1965378.77,531861.91
202007,2021,brand_h,,off_trade,291845.763,1412589.09,381392.39
202201,2022,brand_f,,off_trade,51033.393,334187.47,103443.89
202302,2023,brand_f,,off_trade,34649.937,196880.82,64928.23
202006,2020,brand_i,,on_trade,847.809,-90333.97,3951.3
202301,2023,brand_l,,off_trade,5871.627,15722.83,19438.26
202102,2021,brand_e,,on_trade,466.623,-25999.56,2485.22
202103,2021,brand_b,,on_trade,3286.188,-78625.1,4590.74
201812,2019,brand_c,,off_trade,553690.449,1718392.64,1085419.68
201903,2019,brand_c,,on_trade,20767.5,78359.03,39901.6
201909,2020,brand_g,,on_trade,31323.924,241995.69,55159.05
202008,2021,brand_g,,off_trade,172987.047,1455598.02,325589.3
201909,2020,brand_h,,on_trade,43623.576,266404.86,52666.78
202012,2021,brand_d,,off_trade,1780560.783,5809603.96,3985752.08
202102,2021,brand_d,,off_trade,1104970.626,3461402.87,2244301.68
202103,2021,brand_d,,off_trade,1789205.4,5758001.76,3976767.1
202009,2021,brand_m,,off_trade,56497.743,634208.25,155426.32
202108,2022,brand_c,,on_trade,5562,18661.76,12113.17
202001,2020,brand_e,,off_trade,71660.295,767036.47,159767.71
202103,2021,brand_c,,off_trade,444562.416,1361598.61,852372.75
202102,2021,brand_i,,on_trade,179.604,-3264,816.59
202201,2022,brand_m,,on_trade,497.691,11369.02,2505.15
202009,2021,brand_i,,on_trade,7927.227,103752.73,36134.1
201911,2020,brand_k,,off_trade,6439.185,215504.83,45576.24
202007,2021,brand_h,,on_trade,20966.715,104458.76,26273.91
202009,2021,brand_h,,on_trade,32873.688,169979.26,41208.7
201808,2019,brand_j,,on_trade,14611.815,123816.46,26055.33
201903,2019,brand_j,,on_trade,21336.03,210281.46,38044.55
202210,2023,brand_c,,on_trade,2133,8274.45,4655.53
202302,2023,brand_c,,on_trade,2268,8426.51,4950.18
202011,2021,brand_l,,off_trade,58232.934,424466.42,173124.38
202208,2023,brand_j,,off_trade,48400.722,430212.78,69824.19
202012,2021,brand_l,,off_trade,32827.194,270321.62,97594.01
202102,2021,brand_c,,on_trade,0,1242,0
202104,2021,brand_c,,on_trade,4914,1833.23,8994.15
202102,2021,brand_i,,off_trade,30580.182,244037.29,142759.14
202002,2020,brand_g,,on_trade,44474.679,336614.56,78132.4
201901,2019,brand_d,,off_trade,639159.138,2118893.2,1425151.04
201906,2019,brand_d,,off_trade,589690.287,1933922.63,1247925.2
202007,2021,brand_b,,on_trade,26690.445,32596.97,38083.79
202201,2022,brand_e,,off_trade,51102.855,647969.35,115154.41
202005,2020,brand_g,,on_trade,-2718.297,-26830.55,-3742.61
202008,2021,brand_b,,on_trade,68927.715,222613.08,97826.32
202009,2021,brand_b,,on_trade,64415.997,143305.32,91557.26
202205,2022,brand_e,,off_trade,68680.728,739581.17,157100.3
202011,2021,brand_a,,on_trade,18623.799,151356.99,31463.49
202302,2023,brand_m,,off_trade,24710.697,369914.03,66510.26
202212,2023,brand_a,,on_trade,198928.638,633083.69,315319.68
202009,2021,brand_j,,off_trade,30664.161,184305.03,60880.22
202201,2022,brand_b,,off_trade,67964.877,228219.83,94940.75
202206,2022,brand_b,,off_trade,86082.498,289588.93,121606.64
201904,2019,brand_k,,on_trade,7899.021,277053.34,57548.98
201810,2019,brand_a,,off_trade,303243.012,1232546.25,537670.37
201903,2019,brand_a,,off_trade,292833.189,1233562.49,441716.55
201811,2019,brand_h,,off_trade,279579.699,1444098.42,360383.64
202010,2021,brand_g,,on_trade,10214.154,39954.16,20253.75
201903,2019,brand_g,,on_trade,47347.191,307226.85,91335.02
202101,2021,brand_m,,on_trade,429.885,20778.43,3687.03
202102,2021,brand_g,,off_trade,409878.18,3189329.6,769522.1
202209,2023,brand_a,,on_trade,166254.66,593744.5,277390.42
202002,2020,brand_l,,off_trade,8299.197,45522.68,25086.42
202011,2021,brand_g,,off_trade,440285.544,3397812.59,829785.87
202103,2021,brand_h,,on_trade,1591.218,-16501.96,1997.12
202010,2021,brand_k,,on_trade,2661.408,82454.55,19271.68
202009,2021,brand_f,,off_trade,53318.952,297818.51,104216.23
202109,2022,brand_d,,off_trade,977923.656,3002705.26,2079334.25
202202,2022,brand_d,,off_trade,1185759.972,3812071.49,2591738.41
202009,2021,brand_e,,on_trade,939.321,-17540.13,2746.09
201906,2019,brand_b,,on_trade,110874.186,198366.27,166094.82
201912,2020,brand_d,,off_trade,957621.708,2824587.36,1969241.57
202202,2022,brand_f,,off_trade,32552.1,223002.79,61051.62
201908,2020,brand_h,,on_trade,47452.14,251719.57,57325.31
201906,2019,brand_h,,on_trade,39009.609,226225.66,50292.36
202205,2022,brand_b,,on_trade,104498.982,272480.66,140199.91
202101,2021,brand_m,,off_trade,48154.176,478429.84,132700.43
202210,2023,brand_m,,on_trade,2058.057,36776.46,5509.29
202212,2023,brand_m,,on_trade,1442.727,38642.28,6109.24
202209,2023,brand_h,,on_trade,69375.222,432571.86,94135.23
202212,2023,brand_i,,on_trade,8044.776,70645.15,35651.33
202206,2022,brand_f,,on_trade,64925.397,602128.52,117609
202211,2023,brand_e,,off_trade,67477.68,913018.54,139955.01
202107,2022,brand_b,,on_trade,76018.149,212499.91,103912.98
202105,2021,brand_h,,off_trade,294969.042,1456707.17,392637
202202,2022,brand_e,,on_trade,2020.815,24942.86,6220.24
202102,2021,brand_c,,off_trade,274201.749,834371.54,518639.16
202106,2021,brand_c,,off_trade,330369.741,550212.36,631591.81
201808,2019,brand_b,,off_trade,92525.796,206023.67,215202.03
202101,2021,brand_f,,on_trade,282.087,69287.79,944.44
202001,2020,brand_l,,off_trade,8983.836,80851.5,27155.77
202111,2022,brand_b,,off_trade,157349.88,554096.93,219348.93
202204,2022,brand_b,,off_trade,69666.525,228785.9,97568.16
201910,2020,brand_b,,off_trade,154370.286,582613.55,227668.87
202108,2022,brand_d,,off_trade,938483.586,2316956.64,1911297.63
202207,2023,brand_c,,on_trade,2254.5,9622.02,4920.73
201807,2019,brand_a,,on_trade,110632.167,384782.34,187465.14
202006,2020,brand_g,,off_trade,224042.517,1390736.9,402321.35
202002,2020,brand_h,,on_trade,36799.812,200371.79,44451.2
201904,2019,brand_b,,on_trade,121549.473,341916.54,183508.93
202001,2020,brand_d,,off_trade,540622.692,1696320,1144401.22
202010,2021,brand_e,,on_trade,616.176,-2671.84,2007.94
201905,2019,brand_h,,on_trade,52548.291,268440.24,67740.65
201908,2020,brand_d,,on_trade,15991.74,48985.34,30883.01
201904,2019,brand_l,,off_trade,23603.976,203099.07,68814.93
202208,2023,brand_i,,on_trade,11095.839,123599.3,49305.11
202211,2023,brand_i,,on_trade,8083.782,83307.7,35716.68
202210,2023,brand_e,,off_trade,87452.613,984834.4,184078.78
202302,2023,brand_c,,off_trade,282843,888729.29,575954.14
201909,2020,brand_j,,off_trade,20785.77,115743.51,36745.72
202008,2021,brand_d,,on_trade,10528.659,40593.62,21938.69
202101,2021,brand_d,,on_trade,0,-1425.66,0
202112,2022,brand_i,,on_trade,7675.146,83422.96,32779.07
202004,2020,brand_e,,off_trade,54663.561,550925.45,122484.68
202107,2022,brand_k,,on_trade,5202.207,-32874.43,36987.63
201807,2019,brand_e,,off_trade,94236.03,1023583.01,207496.43
201901,2019,brand_e,,off_trade,45609.237,580463.11,103386.52
201904,2019,brand_e,,on_trade,1409.211,124376.98,4159.11
202203,2022,brand_k,,on_trade,6576.003,230690.05,46755.35
201807,2019,brand_l,,off_trade,20485.188,131014.6,59722.41
202208,2023,brand_b,,off_trade,105619.041,567423.33,164018.56
201907,2020,brand_g,,off_trade,157822.065,1226076.77,277958.27
202007,2021,brand_l,,off_trade,40013.361,307627.68,118958.25
202008,2021,brand_m,,on_trade,472.545,13064.81,2020.8
201812,2019,brand_b,,off_trade,74382.156,145967.32,138698.91
201909,2020,brand_e,,on_trade,1924.317,-6266.29,6266.67
202011,2021,brand_k,,off_trade,6604.785,187396.31,47826.63
202107,2022,brand_l,,off_trade,21083.976,168390.77,65847.68
201901,2019,brand_d,,on_trade,15145.56,21940.91,30708.39
201902,2019,brand_c,,off_trade,544744.44,1554225.05,1055523.35
202211,2023,brand_k,,on_trade,5962.761,187359.61,41864.56
201912,2020,brand_i,,off_trade,27512.955,302095.52,127472.4
202111,2022,brand_d,,on_trade,15705,37890.77,29939.73
202203,2022,brand_d,,on_trade,23881.5,84105.67,45830.57
201904,2019,brand_j,,on_trade,18198.594,143345.82,32448.83
202212,2023,brand_j,,off_trade,121436.244,753261.18,175187.1
201811,2019,brand_l,,on_trade,8013.78,107484.34,23363.23
201904,2019,brand_l,,on_trade,4953.654,46704.74,14441.74
202111,2022,brand_j,,on_trade,35162.361,303380.28,62769.11
202007,2021,brand_c,,on_trade,9940.5,41792.12,18250.64
202010,2021,brand_c,,on_trade,11199.06,32900.04,21039.85
202008,2021,brand_a,,on_trade,113820.102,435308.43,192636.04
202107,2022,brand_a,,on_trade,187252.38,630799.28,339157.29
202203,2022,brand_a,,on_trade,215197.947,661919.64,358858.9
202205,2022,brand_a,,on_trade,194491.422,570104.01,330774.58
202112,2022,brand_a,,off_trade,469407.24,1527665.73,756686.65
201911,2020,brand_a,,off_trade,460176.03,1817173.65,738632.62
202001,2020,brand_e,,on_trade,1365.309,-10010.75,3319.16
202210,2023,brand_a,,off_trade,460521.045,2324414.58,726830.95
202205,2022,brand_a,,off_trade,446337.945,2297546.54,693545.1
202111,2022,brand_g,,on_trade,52996.797,362364.15,103944.58
202206,2022,brand_g,,on_trade,34007.427,275121.07,67171.38
201911,2020,brand_d,,on_trade,33463.98,112573.71,65066.88
202001,2020,brand_d,,on_trade,9198,5160.92,17641.48
202109,2022,brand_e,,on_trade,1256.04,29965.7,5501
202007,2021,brand_k,,off_trade,3830.4,131401.93,27736.67
202209,2023,brand_d,,off_trade,963507.204,2886839.68,1933710.29
201810,2019,brand_b,,on_trade,102340.467,291650.85,150986.54
201902,2019,brand_m,,off_trade,24702.894,251926.15,67892.88
202204,2022,brand_g,,off_trade,206188.65,1671129.47,401921.56
202104,2021,brand_i,,on_trade,5200.74,54278.13,23584.34
201812,2019,brand_h,,on_trade,54596.376,311066.79,70388.83
202009,2021,brand_a,,off_trade,446515.65,1602271.51,691159.34
202004,2020,brand_b,,off_trade,211802.112,726793.9,315419.67
202108,2022,brand_b,,on_trade,107216.325,312512.45,142321.42
202003,2020,brand_m,,on_trade,1029.141,28216.85,3838.6
202301,2023,brand_f,,on_trade,25705.152,190270.64,51858.15
201807,2019,brand_f,,on_trade,46631.781,282779.71,86116.4
202204,2022,brand_k,,on_trade,6289.794,210953.68,44720.48
202105,2021,brand_m,,off_trade,68215.779,793016.72,189701.01
202211,2023,brand_l,,off_trade,31169.952,209234.07,103189.92
202106,2021,brand_b,,on_trade,101485.728,-88625.38,144720.46
202211,2023,brand_g,,on_trade,50695.209,390375.87,97837.17
202005,2020,brand_f,,off_trade,74612.934,419645.8,131011.17
202207,2023,brand_b,,off_trade,65413.152,105261.16,101949.57
202211,2023,brand_g,,off_trade,437781.762,3666986.27,848212.43
201902,2019,brand_a,,on_trade,117115.47,231666,204408.86
202012,2021,brand_k,,off_trade,4117.149,135061.06,29813.43
202104,2021,brand_k,,off_trade,1935,58431.88,14011.69
202006,2020,brand_m,,off_trade,49812.57,473124.91,138708.61
202207,2023,brand_h,,off_trade,299515.869,1087545.69,416909.49
201909,2020,brand_b,,off_trade,163468.926,576290.24,244685.79
202104,2021,brand_h,,off_trade,271027.323,1546036.16,361720.05
202112,2022,brand_f,,off_trade,88170.489,423759.23,162613.32
202301,2023,brand_f,,off_trade,46379.88,326801.15,84486.75
201902,2019,brand_l,,off_trade,12190.257,69368.03,35539.28
201807,2019,brand_j,,off_trade,19425.015,101686.47,34784.97
202203,2022,brand_i,,off_trade,36901.188,388416.19,160784.02
201811,2019,brand_a,,off_trade,504995.166,1926441.66,901707.34
202208,2023,brand_d,,off_trade,767544.885,4983299.54,1613142.52
202110,2022,brand_h,,off_trade,259822.053,1259340.23,337232.76
202109,2022,brand_e,,off_trade,78742.449,784757.5,178779.53
202210,2023,brand_l,,off_trade,15405.597,99637.74,51001.09
201907,2020,brand_h,,off_trade,184224.438,827803.62,233477.93
202106,2021,brand_d,,on_trade,8874,42710.44,17805
202103,2021,brand_e,,on_trade,1177.002,-7543.09,4288.57
202010,2021,brand_c,,off_trade,1653285.654,4641700.11,3073924.78
202207,2023,brand_f,,off_trade,59703.849,258190.62,110757.46
202101,2021,brand_k,,on_trade,150.507,2981.77,1089.79
202103,2021,brand_k,,on_trade,844.812,15843.2,6117.37
202010,2021,brand_l,,off_trade,31605.012,202300.11,93960.49
202102,2021,brand_l,,off_trade,9870.012,60796.21,29343.17
202106,2021,brand_l,,off_trade,32018.364,198529.09,95189.47
202204,2022,brand_j,,on_trade,40214.952,383329.41,71788.56
202008,2021,brand_c,,off_trade,918302.472,2836815.47,1719655.61
201809,2019,brand_l,,on_trade,5363.433,72550.82,15636.49
202008,2021,brand_h,,on_trade,46650.609,265098.05,58498.86
202101,2021,brand_h,,on_trade,98.397,21483.67,123.22
201807,2019,brand_j,,on_trade,11062.845,95463.91,19720.06
201808,2019,brand_l,,on_trade,7736.364,80375.49,22554.7
201901,2019,brand_l,,on_trade,2213.433,18163.14,6453.02
202012,2021,brand_l,,on_trade,1264.212,7082.9,3758.45
202208,2023,brand_k,,off_trade,2975.976,101990.89,20894.38
202109,2022,brand_l,,on_trade,4753.197,45698.57,14844.73
202108,2022,brand_i,,on_trade,6018.606,76256.71,26750.6
202206,2022,brand_i,,on_trade,12528.621,134477.85,53652.21
202112,2022,brand_j,,off_trade,104273.253,554982.27,186140.37
202201,2022,brand_j,,off_trade,47598.57,405930.63,84969.19
202005,2020,brand_e,,off_trade,68333.634,737219.25,151975.3
202004,2020,brand_c,,on_trade,180,-8316.89,337.65
202107,2022,brand_l,,on_trade,3682.17,25482.46,11499.93
202108,2022,brand_j,,off_trade,58388.364,361406.69,104230.32
202206,2022,brand_j,,off_trade,56669.949,395697.37,-163431.18
202005,2020,brand_j,,off_trade,44868.555,294911.18,79199.07
202301,2023,brand_j,,off_trade,51752.349,413937,74659.31
202011,2021,brand_j,,on_trade,3901.806,12437.89,7746.21
201911,2020,brand_j,,off_trade,51899.418,278365.33,91685.28
202110,2022,brand_d,,on_trade,24241.5,89586.25,46651.6
201912,2020,brand_k,,off_trade,8917.767,285639.73,63119.53
201807,2019,brand_k,,on_trade,6729.624,217788.35,49029.26
201810,2019,brand_k,,on_trade,8264.268,288042.86,60210.36
201812,2019,brand_k,,on_trade,9034.47,325005.75,65821.8
202101,2021,brand_c,,on_trade,0,-271.48,0
202102,2021,brand_a,,on_trade,1455.597,20761.25,2634.75
201907,2020,brand_f,,on_trade,53448.102,288064.11,94858.67
202207,2023,brand_a,,off_trade,333484.551,1036677.85,524988.56
202003,2020,brand_e,,on_trade,1595.718,-129862.75,5924.78
201808,2019,brand_a,,off_trade,334476.45,1418018.62,555110.47
202112,2022,brand_d,,off_trade,1123656.21,3643994.18,2494539.3
202302,2023,brand_e,,on_trade,2035.818,60462.71,5847.05
202006,2020,brand_f,,off_trade,51535.755,152256.85,92499.65
202211,2023,brand_b,,off_trade,62962.749,366590.56,95984.22
202302,2023,brand_g,,off_trade,263076.363,2190610.15,504987.9
201811,2019,brand_e,,off_trade,154240.146,1640114.6,345590.87
202210,2023,brand_i,,on_trade,8597.439,105750.88,38549.24
201811,2019,brand_g,,off_trade,329280.03,2488629.26,636270.42
202207,2023,brand_g,,off_trade,231955.236,1626751.01,444311.58
201905,2019,brand_a,,off_trade,266863.23,1160668.9,475124.02
201905,2019,brand_m,,off_trade,33804.918,405753.8,90656.67
201809,2019,brand_e,,off_trade,101074.968,1040390.32,218254.75
201904,2019,brand_a,,on_trade,154284.489,367770.13,267487.05
202003,2020,brand_m,,off_trade,20804.427,367408.12,58373.43
202111,2022,brand_c,,off_trade,340567.434,1174895.34,757988.65
202001,2020,brand_a,,on_trade,69143.652,73183.98,112178.8
201812,2019,brand_g,,on_trade,52014.33,445465.58,101937.2
201901,2019,brand_g,,on_trade,24786,149060.79,48465.86
202108,2022,brand_h,,off_trade,296532.945,1437024.17,392209.03
201911,2020,brand_c,,off_trade,833237.892,2378216.81,1589476.85
202112,2022,brand_m,,off_trade,167104.35,2016341.88,437967.47
201811,2019,brand_d,,off_trade,1915251.84,6016326.82,4270145.74
201809,2019,brand_f,,on_trade,42254.559,261787.51,78310.36
202210,2023,brand_m,,off_trade,64862.595,937871.76,173974.78
202012,2021,brand_m,,on_trade,1229.733,44067.06,6427.48
202001,2020,brand_g,,off_trade,101499.219,754733.58,178543.07
201809,2019,brand_e,,on_trade,1950.111,13849.6,6300.51
202011,2021,brand_h,,off_trade,328688.1,1697352.27,421546.27
201901,2019,brand_l,,off_trade,7660.845,71047.97,22334.32
202211,2023,brand_m,,on_trade,1911.6,20793.31,5835.77
202208,2023,brand_g,,on_trade,34165.566,-85762.33,66599.53
202108,2022,brand_k,,off_trade,3543.588,108868.85,25194.97
202209,2023,brand_g,,off_trade,291195.693,2336079.01,560910.43
202203,2022,brand_c,,off_trade,402975,1378271.14,892608.59
202112,2022,brand_b,,on_trade,83178.522,324723.64,111149.33
202007,2021,brand_f,,on_trade,13839.21,-25471.03,26543.55
202209,2023,brand_f,,on_trade,70346.16,432369.2,131337.51
201809,2019,brand_d,,off_trade,712615.086,2496524.49,1588410.49
202003,2020,brand_d,,off_trade,1428358.815,4316575.38,3019692.53
201812,2019,brand_h,,off_trade,331298.73,1506007.38,426995.82
201904,2019,brand_h,,off_trade,115007.589,581747.71,144536.94
202212,2023,brand_l,,on_trade,5000.463,46207.43,16554.18
202112,2022,brand_f,,on_trade,56897.406,375679.64,101505.53
201812,2019,brand_f,,off_trade,60064.2,291417.05,105930.64
202012,2021,brand_f,,off_trade,82621.674,501160.16,162129.83
202102,2021,brand_f,,off_trade,46124.946,209415.02,88879.27
201912,2020,brand_g,,off_trade,366237.765,2878236.64,647710.25
202102,2021,brand_d,,on_trade,0,43.44,0
202203,2022,brand_c,,on_trade,2610,8802.27,5684.17
201810,2019,brand_l,,off_trade,37822.779,332134.85,110268.28
202208,2023,brand_f,,off_trade,72013.707,563547.82,141600.38
202009,2021,brand_g,,off_trade,287667.333,2029619,558843.97
202103,2021,brand_g,,off_trade,407513.331,3224048.48,779672.51
202003,2020,brand_h,,on_trade,30771.594,90287.09,37171.59
202002,2020,brand_h,,off_trade,127465.137,375871.81,163649.71
202106,2021,brand_m,,on_trade,1038.555,15370.22,3950.74
202108,2022,brand_f,,off_trade,73983.492,433781.43,142160.61
202203,2022,brand_k,,off_trade,3674.988,123021.83,26129.23
202009,2021,brand_i,,off_trade,38951.973,447271.29,179892.3
202209,2023,brand_c,,on_trade,2673,3278.46,5834.16
202105,2021,brand_d,,off_trade,1281407.976,3940051.02,2719397.42
202101,2021,brand_e,,off_trade,27234.837,291144.8,72992.81
202110,2022,brand_j,,off_trade,59379.534,389454.22,105999.63
202208,2023,brand_e,,off_trade,45943.533,640034.62,96965.51
202209,2023,brand_e,,off_trade,61853.94,681172.5,135866.6
201909,2020,brand_k,,on_trade,5597.406,189316.91,39618
202006,2020,brand_j,,on_trade,205.803,2075.24,363.07
202001,2020,brand_j,,off_trade,16879.788,98341.1,29788.52
202202,2022,brand_i,,on_trade,6735.591,104982.21,29541.4
202205,2022,brand_i,,on_trade,12436.236,161737.62,53652.04
201809,2019,brand_c,,on_trade,16972.56,64419.3,33121.29
202212,2023,brand_k,,on_trade,6385.815,210506.39,44834.47
202301,2023,brand_k,,on_trade,3478.176,108502.29,24420.29
201910,2020,brand_i,,off_trade,23160.618,278246.03,82216.29
201810,2019,brand_j,,on_trade,17236.782,146840.32,30763.5
201905,2019,brand_j,,on_trade,18467.388,114870.82,32920.94
201910,2020,brand_l,,on_trade,4101.03,51028.72,12396.42
202006,2020,brand_l,,on_trade,373.806,-22563.96,1129.93
201809,2019,brand_k,,off_trade,4826.988,148666.66,35167.54
201910,2020,brand_i,,on_trade,4328.415,57708.23,15799.28
202009,2021,brand_j,,on_trade,16577.397,125601.87,32910.96
202203,2022,brand_l,,on_trade,6140.403,50433.77,19177.14
202208,2023,brand_j,,on_trade,28719.576,-11347.67,41431.62
202301,2023,brand_j,,on_trade,28366.776,260915.66,40922.61
202001,2020,brand_k,,off_trade,873.567,9788.81,6183.2
201912,2020,brand_a,,on_trade,173713.977,342821.74,272531.23
202005,2020,brand_a,,on_trade,-12505.887,-241646.58,-16001.13
201909,2020,brand_a,,on_trade,109051.668,218120.96,174677.21
202302,2023,brand_b,,on_trade,77292.585,252107.07,118284.42
202212,2023,brand_m,,off_trade,130836.492,1701517.32,350454.94
201904,2019,brand_a,,off_trade,276617.007,1136699.37,451576.5
201903,2019,brand_d,,off_trade,1256739.183,4064255.48,2718034.19
201807,2019,brand_a,,off_trade,331226.145,1291605.11,587103.58
202106,2021,brand_g,,on_trade,38397.582,188350.53,71983.87
202004,2020,brand_l,,off_trade,34536.582,244911.4,104395.32
201808,2019,brand_g,,on_trade,25548.957,156227.84,49598.42
201906,2019,brand_g,,on_trade,29524.23,122558.18,56936.31
202011,2021,brand_m,,on_trade,701.217,21427.47,3067.14
202107,2022,brand_b,,off_trade,166456.557,497472.46,240727.95
201807,2019,brand_g,,on_trade,26933.697,209508.38,52300.82
202003,2020,brand_b,,off_trade,105712.686,339821.31,153576.04
202104,2021,brand_h,,on_trade,21318.597,143175.15,26751.53
202107,2022,brand_h,,off_trade,277929.468,1541687.58,385170.76
202112,2022,brand_h,,off_trade,378258.849,1826742.55,500329.11
202204,2022,brand_h,,off_trade,257369.364,1418918.76,336649.72
202008,2021,brand_k,,on_trade,3291.003,129516.57,23830.75
202011,2021,brand_f,,off_trade,71117.325,479303.55,140137.6
202106,2021,brand_f,,off_trade,60073.74,280550.99,113701.51
202111,2022,brand_d,,off_trade,1811065.977,5619279.93,3734505.24
202203,2022,brand_d,,off_trade,990647.118,3218337.87,2162326.94
201905,2019,brand_f,,off_trade,29406.033,140377.27,52805.25
201905,2019,brand_a,,on_trade,152900.397,225095.64,265600.44
202301,2023,brand_g,,on_trade,30923.991,209786.66,59129.45
201807,2019,brand_m,,off_trade,46866.267,532974.7,131890.82
202108,2022,brand_m,,off_trade,50422.158,603961.06,133805
201905,2019,brand_b,,on_trade,133773.183,356164.2,200855.36
202205,2022,brand_i,,off_trade,24532.254,313337.5,109071.59
202206,2022,brand_i,,off_trade,57697.164,563885.65,252577.87
202212,2023,brand_g,,on_trade,49645.818,573503.97,96160.51
202008,2021,brand_e,,off_trade,67734.486,663606.04,153485.38
202003,2020,brand_d,,on_trade,17914.5,51689.37,34758.56
202006,2020,brand_c,,off_trade,715089.402,2116674.7,1372033.89
201811,2019,brand_l,,off_trade,35306.964,257038.87,102933.73
202109,2022,brand_f,,on_trade,64386.774,336929.66,113137.52
202302,2023,brand_e,,off_trade,32718.825,460092.81,72953.73
201910,2020,brand_m,,on_trade,1660.986,59530.44,6905.17
202210,2023,brand_i,,off_trade,35738.964,402612.51,166685.62
202209,2023,brand_c,,off_trade,510030,1834163.46,1131798.36
202301,2023,brand_c,,off_trade,137997,530018.78,292275.88
202109,2022,brand_m,,on_trade,816.21,39024.87,3824.83
202108,2022,brand_e,,on_trade,2051.415,36124.76,5799.15
202110,2022,brand_e,,on_trade,1608.633,18998.54,5423.57
202103,2021,brand_a,,on_trade,6518.097,-69565.36,10831.2
202005,2020,brand_b,,off_trade,227525.211,845211.34,342092.84
202007,2021,brand_a,,off_trade,445391.091,1967650.61,684260.85
202012,2021,brand_a,,off_trade,642038.625,2781749.89,1026903.54
202207,2023,brand_g,,on_trade,34011.603,571391.93,65416.87
201910,2020,brand_d,,off_trade,1558550.637,5307483.59,3539889.36
202105,2021,brand_i,,on_trade,12199.257,153972.61,55592.31
202209,2023,brand_l,,off_trade,14254.812,120622.64,47191.3
201908,2020,brand_f,,off_trade,39113.955,223365.9,69436.87
201911,2020,brand_f,,off_trade,43525.8,242263.48,80097.06
201812,2019,brand_l,,off_trade,30417.579,216734.66,88679.25
202207,2023,brand_i,,on_trade,10284.597,135249.59,45448.87
202301,2023,brand_i,,on_trade,3720.024,43761.17,16658.51
202108,2022,brand_f,,on_trade,90640.206,494017.18,161082.82
202003,2020,brand_k,,on_trade,3799.71,78979.6,26894.01
202107,2022,brand_m,,on_trade,1150.812,23898.66,5142.72
201907,2020,brand_j,,off_trade,14813.424,102887.63,26187.21
202002,2020,brand_e,,off_trade,70674.219,619719.69,162107.29
202111,2022,brand_k,,on_trade,6066.585,194651.17,43133.51
202202,2022,brand_k,,on_trade,3625.83,120006.51,25779.42
201904,2019,brand_b,,off_trade,127408.131,397379.27,211243.43
202104,2021,brand_a,,off_trade,513076.194,2200426.06,777195.34
202009,2021,brand_l,,off_trade,19681.182,187908.55,58511.46
201909,2020,brand_i,,off_trade,14011.191,157390.79,72150.3
202002,2020,brand_l,,on_trade,2734.209,26190.81,8264.83
202003,2020,brand_l,,on_trade,2283.156,-8841.45,6901.34
202006,2020,brand_e,,on_trade,306.594,-40822.09,1725.9
202110,2022,brand_j,,on_trade,29454.597,267820.89,52579.99
201902,2019,brand_l,,on_trade,3029.418,54742.97,8831.94
202212,2023,brand_d,,on_trade,17271,46832.03,31913.39
202107,2022,brand_g,,on_trade,25140.33,179733.48,49131.16
202110,2022,brand_l,,on_trade,3141.558,24143.7,9811.54
202211,2023,brand_j,,on_trade,43192.719,403448.69,62310.98
201911,2020,brand_c,,on_trade,33510.6,121816.96,63227.29
201904,2019,brand_d,,on_trade,13408.56,51879.33,27342.39
201905,2019,brand_d,,on_trade,18165.06,38226.95,36618.58
202104,2021,brand_j,,on_trade,9147.609,66458.48,18161.61
202205,2022,brand_k,,off_trade,1643.409,50357.41,11684.56
202105,2021,brand_c,,on_trade,25794,74201.87,47210.89
202109,2022,brand_c,,on_trade,3582,11855.39,7801.04
201808,2019,brand_d,,on_trade,11468.25,34865.44,22458.08
201811,2019,brand_k,,on_trade,11866.284,407933.3,86453.22
202008,2021,brand_i,,off_trade,55921.788,599905.29,258267.09
202012,2021,brand_i,,off_trade,47885.976,513070.49,221050.35
202208,2023,brand_a,,off_trade,430373.799,2566879.85,680653.41
201902,2019,brand_d,,off_trade,906071.364,2702921.74,1913019.22
202102,2021,brand_b,,on_trade,819.027,42218.3,1139.95
202003,2020,brand_a,,on_trade,105850.512,191186.43,174874.67
202111,2022,brand_a,,off_trade,663968.07,2934525.03,1045698.04
202202,2022,brand_a,,off_trade,277193.781,1343220.47,425611.07
202211,2023,brand_m,,off_trade,121381.857,1739202.49,326298.79
202003,2020,brand_h,,off_trade,128556.27,696197.8,159726.06
202005,2020,brand_h,,off_trade,343810.494,1655386.84,435902.41
201902,2019,brand_k,,on_trade,5252.967,168090.02,44867.35
201905,2019,brand_h,,off_trade,188600.895,940638.68,270759.06
202002,2020,brand_m,,off_trade,30085.497,305748.82,82139.25
202101,2021,brand_g,,on_trade,758.394,-41301.91,2265.53
201911,2020,brand_m,,off_trade,78973.488,983760.8,221121.66
202001,2020,brand_f,,on_trade,21527.037,107889.61,40827.83
202010,2021,brand_h,,on_trade,11505.879,8534.87,14466.53
202106,2021,brand_h,,on_trade,65810.376,415818.21,82478.23
202111,2022,brand_h,,off_trade,234880.632,1376534.49,316942.45
202206,2022,brand_h,,off_trade,255561.66,1554410.75,332323.52
202010,2021,brand_f,,off_trade,45261.027,255371.05,82499.55
202101,2021,brand_f,,off_trade,31462.821,148297.5,57838.95
202206,2022,brand_f,,off_trade,77064.507,240557.91,137888.73
202101,2021,brand_e,,on_trade,312.588,48496.43,1086
202001,2020,brand_h,,on_trade,18909,83031.04,22844.56
202005,2020,brand_h,,on_trade,-2202.597,-38760.3,-2659.15
202111,2022,brand_a,,on_trade,260853.354,628839.47,460577.44
202101,2021,brand_i,,on_trade,155.403,-3243.93,692.52
202006,2020,brand_a,,off_trade,475579.773,1523145.48,776908.54
202001,2020,brand_b,,on_trade,43217.586,118691.11,60914.98
202302,2023,brand_m,,on_trade,1820.736,56236.95,7172.22
202209,2023,brand_l,,on_trade,4562.703,27297.27,15105.2
201909,2020,brand_j,,on_trade,14876.424,125074.51,26283.85
202212,2023,brand_c,,off_trade,631854,2194398.99,1359953.83
202108,2022,brand_m,,on_trade,1336.995,34531.94,4432.22
202204,2022,brand_m,,on_trade,518.409,1433.85,1487.64
201809,2019,brand_m,,on_trade,1737.396,53667.93,8412.41
201811,2019,brand_m,,on_trade,3531.447,76044.94,11602.7
201904,2019,brand_m,,on_trade,1120.005,17983.83,3699.01
201906,2019,brand_c,,on_trade,17941.5,67218.15,34473.21
201903,2019,brand_k,,off_trade,2769.588,130409.46,20178.19
202209,2023,brand_f,,off_trade,59513.301,388776.28,112440.22
202006,2020,brand_l,,off_trade,52562.997,346065.24,158884.53
202106,2021,brand_b,,off_trade,156183.381,458780.66,227752.68
202108,2022,brand_b,,off_trade,117410.319,601706.18,163565.18
201906,2019,brand_h,,off_trade,113935.734,574744.31,137512.63
202110,2022,brand_d,,off_trade,1823047.956,5912407.05,3895115.31
202104,2021,brand_d,,off_trade,1093414.617,3458996.54,2377397.78
202107,2022,brand_f,,off_trade,77094.585,574114.61,147123.25
201906,2019,brand_m,,off_trade,19000.8,238900.65,52792.5
201912,2020,brand_h,,on_trade,65936.385,382167.5,79628.22
201903,2019,brand_f,,on_trade,45817.407,282797.2,87978.6
202103,2021,brand_e,,off_trade,69607.404,713494.62,155821.71
202110,2022,brand_i,,off_trade,47632.158,446646.88,209597.69
201909,2020,brand_b,,on_trade,90626.265,220233.08,126944.99
202212,2023,brand_b,,off_trade,107104.626,488856.76,166641.98
202301,2023,brand_k,,off_trade,1509.012,50770.67,10594.62
202208,2023,brand_c,,off_trade,214785,1574408.82,471526.81
201907,2020,brand_a,,off_trade,276831.459,1138924.29,431629.7
202201,2022,brand_e,,on_trade,1514.7,27980.53,3398.14
201909,2020,brand_e,,off_trade,84370.779,971805.56,183997.66
202007,2021,brand_m,,on_trade,526.482,16340.04,2717.95
201906,2019,brand_e,,off_trade,64347.876,674258.93,141774.13
201812,2019,brand_e,,on_trade,4198.635,-9475.47,11972.69
202210,2023,brand_l,,on_trade,5468.994,59777.43,18105.48
202002,2020,brand_k,,on_trade,5835.609,203878.32,41304.01
202003,2020,brand_j,,off_trade,24586.785,111921.52,43379.93
202109,2022,brand_i,,on_trade,8439.552,107962.19,36207.18
201904,2019,brand_c,,off_trade,407468.196,1237248.65,806507.88
201811,2019,brand_c,,on_trade,20612.367,81351.2,40730.39
202206,2022,brand_g,,off_trade,221010.669,1860484.34,452980.79
202009,2021,brand_k,,off_trade,3065.985,95634.07,22201.46
202101,2021,brand_k,,off_trade,1078.2,27898.55,7807.45
202103,2021,brand_k,,off_trade,2569.797,77118.85,18608.4
202111,2022,brand_l,,off_trade,24508.197,192387.06,76541.83
202202,2022,brand_l,,off_trade,8958.582,91581.64,27978.71
201908,2020,brand_c,,off_trade,719991.972,2042691.46,1401599.74
201910,2020,brand_c,,off_trade,720238.914,2092775.85,1386903.08
202006,2020,brand_c,,on_trade,1609.56,4305.57,3636.88
201903,2019,brand_d,,on_trade,19696.5,58207.82,38288.4
201809,2019,brand_c,,off_trade,768006.423,2320449.67,1483165.86
202107,2022,brand_k,,off_trade,3112.812,106704.98,22132
202110,2022,brand_k,,off_trade,5905.17,180943.77,41985.93
202202,2022,brand_k,,off_trade,1131.606,40485.62,8045.68
202208,2023,brand_k,,on_trade,3763.782,118780.75,26425.45
202207,2023,brand_d,,on_trade,9193.5,28335.4,16667.44
202002,2020,brand_c,,on_trade,25812,101749.16,48419.65
202201,2022,brand_d,,on_trade,3811.5,-7763.64,7321.22
202009,2021,brand_d,,off_trade,1230633.45,3853227.56,2650227.65
202103,2021,brand_l,,on_trade,174.015,-2744.23,517.32
202205,2022,brand_j,,on_trade,23923.206,232967.4,42705.75
202206,2022,brand_j,,on_trade,43356.573,384029.14,-86722.77
202008,2021,brand_c,,on_trade,19429.56,70700.04,36231.28
201909,2020,brand_k,,off_trade,2351.421,73839.83,16643.05
202009,2021,brand_c,,on_trade,11178,21627.89,20322.61
202011,2021,brand_c,,on_trade,1683,-337.52,3080.41
202103,2021,brand_c,,on_trade,2169,1170.98,3969.94
202112,2022,brand_a,,on_trade,134428.482,622810.37,222085.25
202206,2022,brand_a,,on_trade,142314.921,519197.7,238909.05
202301,2023,brand_a,,off_trade,339182.361,1787400.94,539371.23
202107,2022,brand_d,,off_trade,1422683.73,4849909.27,2858790.49
201907,2020,brand_f,,off_trade,47344.167,240722.77,82396.4
201911,2020,brand_f,,on_trade,60292.98,339404.18,108455.1
202003,2020,brand_f,,on_trade,35156.457,192737.6,63785.94
202201,2022,brand_d,,off_trade,969887.511,2889478.52,2049208.68
202204,2022,brand_d,,off_trade,1045177.398,3290086.45,2271304.63
202001,2020,brand_a,,off_trade,257739.489,993796.59,401214.11
202005,2020,brand_a,,off_trade,456673.491,1716127.17,722266.87
202301,2023,brand_g,,off_trade,233257.05,1903021.05,448861.17
202209,2023,brand_a,,off_trade,379148.112,1727197.82,597049.22
202204,2022,brand_e,,on_trade,3758.4,44077.97,10883.89
202302,2023,brand_b,,off_trade,58687.731,262777.7,91527.8
201901,2019,brand_a,,off_trade,195762.285,897687.42,235500.92
202112,2022,brand_g,,off_trade,442272.717,3492041.03,885850.98
201909,2020,brand_m,,off_trade,25229.385,341065.8,70660.61
202103,2021,brand_g,,on_trade,2212.812,-84334.75,5077.58
202209,2023,brand_e,,on_trade,2216.916,9699.1,7406.82
202201,2022,brand_c,,off_trade,240237,921982.36,527443.31
202105,2021,brand_a,,off_trade,422266.203,1670880.26,643374.25
202110,2022,brand_b,,on_trade,111034.674,316263.62,147918.61
202211,2023,brand_c,,off_trade,695335.5,2345875.98,1525893.51
202109,2022,brand_l,,off_trade,11833.254,102782.04,36956.43
202104,2021,brand_f,,on_trade,21455.136,182948.88,42697.29
202109,2022,brand_h,,off_trade,225707.175,1189435.41,308228.28
202205,2022,brand_h,,off_trade,235414.296,1361935.46,306747.65
202107,2022,brand_e,,off_trade,51509.349,605695.37,117930.39
202005,2020,brand_c,,on_trade,0,-36338.8,0
202004,2020,brand_d,,off_trade,1521495.288,4986168.68,3184302.01
201903,2019,brand_f,,off_trade,28062.027,182247.06,52022.59
202103,2021,brand_f,,off_trade,50953.68,380426.36,102982.73
202005,2020,brand_i,,on_trade,2730.006,28830.99,12723.63
202212,2023,brand_l,,off_trade,34855.731,268593.42,115391.95
201912,2020,brand_i,,on_trade,4023.585,53579.7,18638.35
202011,2021,brand_b,,on_trade,7932.69,-121523.86,11671.09
201901,2019,brand_c,,off_trade,166415.391,565204.3,322179.22
201812,2019,brand_c,,on_trade,17761.5,66511.16,34126.05
201904,2019,brand_c,,on_trade,19179,68346.84,36849.55
202111,2022,brand_k,,off_trade,6710.4,233626.2,47710.95
202005,2020,brand_d,,on_trade,-81,2755.03,-152.09
202112,2022,brand_i,,off_trade,52975.773,550057.61,236379.46
202005,2020,brand_i,,off_trade,45701.946,496375.74,213001.8
202201,2022,brand_h,,on_trade,25191.297,145617.65,31817.13
202201,2022,brand_h,,off_trade,129061.647,786143.81,165744.55
202203,2022,brand_m,,off_trade,45531.855,695151.75,120921.36
201902,2019,brand_f,,on_trade,40523.679,216816.38,74671.48
202109,2022,brand_b,,off_trade,93339.504,313670.51,127340.71
202208,2023,brand_l,,on_trade,3396.609,29245.95,11244.71
202111,2022,brand_f,,on_trade,93028.77,475557.33,165943.1
202210,2023,brand_h,,on_trade,57696.849,321010.33,78422.27
202111,2022,brand_g,,off_trade,445676.544,3555532.17,886834.47
202112,2022,brand_k,,on_trade,7360.776,263664.77,52335.26
202002,2020,brand_g,,off_trade,295152.3,2096368.44,518939.22
201903,2019,brand_l,,off_trade,17392.194,161744,50705.1
202106,2021,brand_g,,off_trade,226114.929,1541026.19,443188.45
202006,2020,brand_h,,on_trade,3450.294,-97995.6,4160.37
201906,2019,brand_c,,off_trade,562206.861,1744286.96,1103964.43
202012,2021,brand_b,,on_trade,12944.979,-77714.25,18319.24
201902,2019,brand_c,,on_trade,17868.06,69335.27,34893.42
202209,2023,brand_g,,on_trade,35599.869,259981.67,69299.11
201811,2019,brand_j,,off_trade,48648.546,293591.43,86781.28
202010,2021,brand_m,,off_trade,124284.168,1471087.6,341978.47
202203,2022,brand_m,,on_trade,2079,48672.63,7582.82
201811,2019,brand_b,,off_trade,139911.327,493441.78,258516.95
201808,2019,brand_m,,on_trade,837.027,17349.29,3468.84
201907,2020,brand_e,,off_trade,29682.882,313158.05,71866.52
202208,2023,brand_m,,off_trade,27379.152,678108.16,73898.77
202001,2020,brand_c,,on_trade,13230,48261.66,24817.6
202003,2020,brand_c,,on_trade,18720,22719.14,35141.18
201811,2019,brand_j,,on_trade,28323.387,249326.8,50591.47
201901,2019,brand_j,,on_trade,8811.585,57027.38,15709.22
201902,2019,brand_j,,on_trade,15023.403,129198.07,26766.26
202202,2022,brand_d,,on_trade,15129,50492.6,28710.16
201811,2019,brand_k,,off_trade,5871.006,193917.13,42773.82
201902,2019,brand_k,,off_trade,2689.182,71474.48,19592.45
202010,2021,brand_d,,off_trade,2057977.503,6493900.85,4374963.07
202101,2021,brand_l,,on_trade,83.997,1298.61,249.73
202106,2021,brand_l,,on_trade,5766.651,59461.18,17143.94
202007,2021,brand_e,,off_trade,70852.149,802070.6,168200.4
202008,2021,brand_i,,on_trade,9084.609,126895.53,41378.57
202002,2020,brand_k,,off_trade,1544.967,38121.97,10935.37
201812,2019,brand_l,,on_trade,5420.241,61104.01,15802.08
201903,2019,brand_k,,on_trade,8792.982,298749.33,57466.01
202002,2020,brand_j,,off_trade,12646.17,102367.2,22322.2
201808,2019,brand_c,,on_trade,18063,64846.5,34824.33
201908,2020,brand_i,,on_trade,1537.227,21378.01,8153.6
201907,2020,brand_k,,on_trade,6541.704,219290.35,46301.73
201908,2020,brand_f,,on_trade,47784.744,182403.41,85676.05
202201,2022,brand_g,,on_trade,29323.224,202040.01,56859.53
202211,2023,brand_a,,on_trade,199684.917,614965.96,338039.74
201911,2020,brand_e,,on_trade,3796.236,-5996.05,10582.54
202107,2022,brand_a,,off_trade,436674.15,2105842.85,705247.24
201912,2020,brand_d,,on_trade,24463.62,76040.03,48049.53
201811,2019,brand_m,,off_trade,97493.553,1270599.03,278263.29
201811,2019,brand_a,,on_trade,198375.282,542887.36,333249.12
201906,2019,brand_g,,off_trade,154087.047,1306997.8,305244.46
202208,2023,brand_g,,off_trade,277128.315,2550480.35,532670.45
202106,2021,brand_e,,on_trade,1674.621,-4141.82,4836.42
202201,2022,brand_g,,off_trade,182620.584,1556086.89,354727.8
202101,2021,brand_j,,off_trade,26770.824,92139.89,53177.29
202102,2021,brand_j,,off_trade,46569.546,285189.71,92467.9
202202,2022,brand_g,,off_trade,311708.682,2484302.63,612441.94
202204,2022,brand_c,,off_trade,284044.5,1017487.34,657426.44
201907,2020,brand_m,,on_trade,1781.271,41457,6267.13
202004,2020,brand_m,,on_trade,144.225,28474.37,2370.23
202210,2023,brand_c,,off_trade,549351,1839027.39,1204601.4
202302,2023,brand_f,,on_trade,59767.479,397131.35,112306.32
202112,2022,brand_e,,off_trade,158119.596,1614229.1,354391.98
201905,2019,brand_b,,off_trade,122707.647,485626.01,206101.09
202111,2022,brand_m,,off_trade,140941.413,1961188.4,371834.51
202108,2022,brand_h,,on_trade,72008.271,384427.05,90951.03
202004,2020,brand_c,,off_trade,588399.111,1716316.75,1119978.23
201904,2019,brand_d,,off_trade,961521.813,2866063.11,1991492.69
201904,2019,brand_f,,on_trade,50752.152,283934.98,96499.97
202002,2020,brand_b,,on_trade,78614.973,168067.69,112970.48
201910,2020,brand_a,,on_trade,155100.591,365417.23,250684.48
202107,2022,brand_g,,off_trade,204368.472,1772693.17,399287.18
202110,2022,brand_g,,off_trade,321467.949,2549380.68,649979.2
201902,2019,brand_f,,off_trade,26175.609,122062.67,45986.55
202209,2023,brand_b,,on_trade,73353.015,222475.36,110858.52
202110,2022,brand_c,,on_trade,4549.5,11545.08,9960.27
201906,2019,brand_l,,off_trade,14683.212,126170.2,42807.29
202101,2021,brand_g,,off_trade,101227.761,749581.79,193881.23
202004,2020,brand_h,,on_trade,-1785.609,-61994.16,-2155.99
202207,2023,brand_l,,off_trade,14697.603,33083.86,48657.2
201912,2020,brand_b,,on_trade,137253.663,385615.1,192351.37
201810,2019,brand_c,,off_trade,1081720.782,3046092.8,2120538.14
202201,2022,brand_l,,off_trade,10612.791,45512.83,33144.97
202202,2022,brand_h,,on_trade,40443.858,231348.3,51095.8
202106,2021,brand_f,,on_trade,104442.759,474672.28,194792.92
202110,2022,brand_l,,off_trade,29324.34,224744.12,91583.36
202110,2022,brand_e,,off_trade,92148.21,911531.98,209230.11
201908,2020,brand_d,,off_trade,1003677.237,2934593.26,2083969.95
202211,2023,brand_h,,on_trade,63087.228,513751.4,85568.1
202209,2023,brand_m,,off_trade,37808.334,557592.72,100866.9
201906,2019,brand_f,,off_trade,23299.182,157137.99,41847.76
201911,2020,brand_g,,off_trade,349813.08,2657749.03,622695.02
201811,2019,brand_e,,on_trade,4476.105,-13772.51,12579.45
202009,2021,brand_h,,off_trade,235760.211,1049994.8,306615.35
202102,2021,brand_h,,off_trade,141326.055,623951.04,190163.43
202102,2021,brand_b,,off_trade,95700.015,269838.5,138362.35
202208,2023,brand_l,,off_trade,18282.609,219753.06,60525.6
201911,2020,brand_b,,on_trade,128165.895,344902.41,182068.44
201811,2019,brand_c,,off_trade,585656.901,1803181.75,1152536.98
201809,2019,brand_j,,off_trade,12440.43,84627.77,22194.22
201904,2019,brand_j,,off_trade,21516.615,125847.72,38305.37
202201,2022,brand_k,,off_trade,766.773,23187.67,5451.96
202206,2022,brand_k,,off_trade,1880.406,48669.16,13369.66
202205,2022,brand_m,,on_trade,1265.58,34956.44,4344.95
202112,2022,brand_j,,on_trade,22389.471,174949.72,39967.95
202011,2021,brand_e,,off_trade,137754.117,1465696.98,319298.65
202012,2021,brand_e,,off_trade,152662.302,1654884.66,352846.54
201905,2019,brand_l,,on_trade,4886.469,-25491.32,14245.86
201909,2020,brand_i,,on_trade,3192.003,42841.08,16463.99
201807,2019,brand_l,,on_trade,5254.236,60080.38,15318.14
201912,2020,brand_j,,off_trade,71374.788,363126.45,125999.18
202106,2021,brand_j,,on_trade,50500.755,496958.91,100258.69
202101,2021,brand_j,,on_trade,4.203,15758.66,9.32
202209,2023,brand_k,,off_trade,5653.818,177156.44,39695.1
202008,2021,brand_l,,off_trade,17484.606,122948.22,51981.06
202108,2022,brand_l,,on_trade,4297.833,51469.7,13422.5
201912,2020,brand_j,,on_trade,22314.627,195583.13,39368.79
201910,2020,brand_e,,off_trade,95977.71,941268.91,219062.41
201911,2020,brand_e,,off_trade,107971.056,1121345.21,249681.62
201907,2020,brand_k,,off_trade,2864.412,101663.11,20274.06
201906,2019,brand_k,,on_trade,8115.597,322310.8,59127.02
201910,2020,brand_k,,on_trade,7703.865,268325.82,54527.65
201909,2020,brand_l,,on_trade,3246.615,30270.77,9813.75
202101,2021,brand_l,,off_trade,2158.821,36726.95,6418.08
202012,2021,brand_c,,on_trade,3564,5631.32,6523.22
202208,2023,brand_d,,on_trade,7335,10840.69,13457.59
202302,2023,brand_d,,on_trade,9468,31213.73,17184.26
201907,2020,brand_i,,off_trade,331.794,3962.58,1769.6
202209,2023,brand_k,,on_trade,5324.958,171759.83,37386.62
202210,2023,brand_k,,on_trade,6484.806,217491.45,45529.48
201807,2019,brand_k,,off_trade,3284.37,101422.69,23928.77
202105,2021,brand_a,,on_trade,173243.619,512260.48,303272.33
202204,2022,brand_a,,on_trade,235645.632,729191.26,380208.5
201908,2020,brand_e,,on_trade,2107.719,-119711.99,7338.34
202302,2023,brand_a,,off_trade,313606.179,1617669.1,486348.16
202205,2022,brand_g,,on_trade,43244.118,315044.91,84396.04
202302,2023,brand_h,,on_trade,65281.743,459730.19,88671.83
201907,2020,brand_e,,on_trade,1493.73,550.82,8616.93
202206,2022,brand_a,,off_trade,378752.607,1746248.24,582450.2
202212,2023,brand_e,,on_trade,2815.821,19068.92,7385.05
201909,2020,brand_f,,off_trade,33912.576,206250.55,62023.17
202111,2022,brand_e,,on_trade,2653.497,24243.78,8546.32
202202,2022,brand_i,,off_trade,15279.606,178221.16,67179.9
201808,2019,brand_m,,off_trade,38767.842,497617.3,107717.13
201904,2019,brand_e,,off_trade,71864.937,746774.52,159550.19
202004,2020,brand_m,,off_trade,37352.088,376608.87,104026.4
202007,2021,brand_j,,off_trade,23969.403,112949.36,47635.28
202002,2020,brand_f,,off_trade,24195.645,125092.76,44380.2
202102,2021,brand_g,,on_trade,676.782,82634.92,2692.52
202003,2020,brand_i,,off_trade,16157.403,188956.06,75304.34
202202,2022,brand_b,,on_trade,72701.991,330702.21,97112.93
201810,2019,brand_g,,on_trade,46983.006,353825.53,90853.9
201904,2019,brand_g,,on_trade,40294.53,278085.57,78350.11
202109,2022,brand_h,,on_trade,40076.964,262470.73,50618.81
202011,2021,brand_f,,on_trade,6690.915,-18949.28,14103.25
201912,2020,brand_c,,off_trade,910909.719,2399087.58,1748527.76
202107,2022,brand_m,,off_trade,46145.646,625412.31,121763.89
201807,2019,brand_d,,off_trade,754295.598,2342870.57,1667878.66
201808,2019,brand_h,,off_trade,173933.892,827082.27,224143.79
201810,2019,brand_h,,off_trade,243028.692,1120199.91,355645.42
202301,2023,brand_m,,on_trade,1163.394,37207.1,4175.76
202103,2021,brand_m,,on_trade,757.809,24042.81,3660.48
202008,2021,brand_h,,off_trade,236052.108,1236642.24,309338.21
202106,2021,brand_h,,off_trade,325124.721,1619595.96,430656.41
202110,2022,brand_f,,off_trade,66610.125,378308.92,121378.85
202012,2021,brand_d,,on_trade,6427.503,22873.16,12745.39
202302,2023,brand_j,,off_trade,39093.57,278992.04,56397.41
202011,2021,brand_b,,off_trade,194590.503,741515.74,281732.44
201907,2020,brand_h,,on_trade,53941.455,311493.44,65188.79
201908,2020,brand_b,,on_trade,101071.692,290180.24,143728.88
201906,2019,brand_j,,off_trade,19395.612,118981.86,34558.33
201809,2019,brand_m,,off_trade,31782.303,345283.27,89236.55
201807,2019,brand_h,,on_trade,48132.621,309775.17,62055.23
201810,2019,brand_h,,on_trade,53925.543,314066.48,69523.11
202004,2020,brand_g,,on_trade,-3666.591,-84321.03,-5024.46
201905,2019,brand_g,,on_trade,37427.967,215687.44,72043.13
202109,2022,brand_m,,off_trade,42623.676,563401.64,112619.44
202201,2022,brand_m,,off_trade,34306.461,468635.8,89855.28
201911,2020,brand_g,,on_trade,62671.545,455654.9,109819.62
201808,2019,brand_f,,off_trade,43999.209,250626.52,78891.21
202005,2020,brand_g,,off_trade,228185.217,1648163.48,417696.39
202208,2023,brand_b,,on_trade,76832.01,-378952.1,116352.76
202301,2023,brand_b,,on_trade,34894.188,36878.01,54297.05
202210,2023,brand_f,,off_trade,57719.907,329661.98,106434.04
202104,2021,brand_i,,off_trade,46301.391,451898.85,213708.87
202012,2021,brand_m,,off_trade,152257.581,1764401.38,414956.87
201911,2020,brand_h,,on_trade,62328.861,376844.02,75278.27
202302,2023,brand_l,,off_trade,8660.421,52255.58,28670.75
202001,2020,brand_h,,off_trade,93346.38,489619.66,117385.34
201903,2019,brand_c,,off_trade,718212.96,2143520.32,1394677.21
201905,2019,brand_c,,on_trade,18961.56,69085.82,36994.43
202006,2020,brand_m,,on_trade,479.502,59963.14,3633.42
202012,2021,brand_e,,on_trade,1147.248,-112823.37,4643.47
202011,2021,brand_k,,on_trade,1261.971,44064.94,9138.34
202012,2021,brand_k,,on_trade,2614.68,42542.88,18933.52
202104,2021,brand_k,,on_trade,2451.996,130713.79,17755.35
202105,2021,brand_k,,on_trade,5818.194,216644.9,42130.67
202107,2022,brand_j,,on_trade,28538.973,176553.23,50945.61
202102,2021,brand_h,,on_trade,90.603,49747.71,113.45
202010,2021,brand_e,,off_trade,83683.656,945170.91,195404.86
202105,2021,brand_e,,off_trade,72138.483,725406.51,159411.22
202106,2021,brand_e,,off_trade,65946.132,611397.2,149881.21
202104,2021,brand_e,,off_trade,41408.604,481724.93,93879.6
202104,2021,brand_c,,off_trade,432032.382,1303127.37,821281.61
202105,2021,brand_c,,off_trade,583986.285,1806839.48,1127156
201810,2019,brand_l,,on_trade,4942.359,56824.4,14408.89
202105,2021,brand_l,,on_trade,5241.663,79347.21,15583.12
202012,2021,brand_i,,on_trade,869.535,1146.11,3961.27
202211,2023,brand_j,,off_trade,82943.316,528443.28,119656.16
202007,2021,brand_l,,on_trade,1843.848,13168.99,5481.58
202212,2023,brand_k,,off_trade,5886.54,189014.34,41329.57
201807,2019,brand_b,,off_trade,147283.101,563354.04,210850.24
201809,2019,brand_b,,off_trade,56279.295,211938.73,106808.72
201912,2020,brand_l,,on_trade,4582.917,50908.65,13853.05
201812,2019,brand_k,,off_trade,5214.591,196108.67,37991.52
202112,2022,brand_l,,on_trade,2378.997,7038.89,7429.86
202202,2022,brand_l,,on_trade,4939.227,53017.5,15425.69
202003,2020,brand_k,,off_trade,4736.979,139158.37,33528.17
202006,2020,brand_k,,off_trade,2893.797,55411.51,20482.13
201905,2019,brand_k,,on_trade,7498.197,213272.22,54628.95
202207,2023,brand_j,,off_trade,40996.152,218501.48,59142.12
202106,2021,brand_c,,on_trade,20133,55318.71,36849.52
202107,2022,brand_j,,off_trade,38803.815,305964.95,69269.44
202202,2022,brand_j,,off_trade,33032.979,264069.99,58967.86
202107,2022,brand_d,,on_trade,6210,18532.98,11892.55
202108,2022,brand_d,,on_trade,7164,21221.87,13598.94
202010,2021,brand_a,,on_trade,56241.099,67345.27,102597.33
202104,2021,brand_a,,on_trade,76552.929,367565.88,129846.48
202112,2022,brand_g,,on_trade,33235.803,214166.9,65621.14
202210,2023,brand_a,,on_trade,178654.032,650337.13,299501.82
201910,2020,brand_m,,off_trade,68003.37,781513.92,193311.91
201910,2020,brand_d,,on_trade,20347.74,62934.27,39361.86
202210,2023,brand_g,,off_trade,423967.14,3499764.49,823493.2
201901,2019,brand_m,,off_trade,26922.627,367322.5,75424.74
201912,2020,brand_m,,off_trade,91719.495,1027022.65,253998.14
202301,2023,brand_a,,on_trade,88353.72,74140.41,149291.65
202002,2020,brand_a,,off_trade,296675.055,1067059.02,463416.19
202004,2020,brand_d,,on_trade,1867.5,-10422.13,3527.98
201906,2019,brand_a,,off_trade,301287.069,907768.07,521444.93
201903,2019,brand_m,,off_trade,20960.694,309028.22,57456.46
202008,2021,brand_j,,off_trade,32415.561,215448.01,64431.91
201903,2019,brand_h,,on_trade,42781.788,291521.98,55153.78
201904,2019,brand_h,,on_trade,52982.685,307705.19,68304.89
202112,2022,brand_e,,on_trade,3749.103,44160.18,8400.02
201911,2020,brand_b,,off_trade,194045.499,831311.61,290000
202203,2022,brand_b,,on_trade,94552.677,193914.59,126187.71
202102,2021,brand_f,,on_trade,227.925,63006.65,1348.81
202208,2023,brand_i,,off_trade,19841.454,289800.84,93458.6
201810,2019,brand_f,,on_trade,51671.196,296991.05,96116.45
202003,2020,brand_b,,on_trade,64174.14,159577.24,91398.32
202207,2023,brand_h,,on_trade,65864.646,801363.5,89303.4
201901,2019,brand_f,,off_trade,24687.018,135011.82,44997.78
201910,2020,brand_g,,off_trade,242946.315,1885729.88,441605.64
202012,2021,brand_h,,off_trade,424501.101,2167580.84,555140.25
202111,2022,brand_f,,off_trade,104320.656,702763.68,204704.29
202204,2022,brand_c,,on_trade,3123,10259.93,6801.4
202104,2021,brand_m,,off_trade,53968.473,593280.44,147130.88
202106,2021,brand_m,,off_trade,56044.44,336059.3,150740.43
202010,2021,brand_b,,on_trade,18289.215,19174.79,26047.41
202008,2021,brand_a,,off_trade,448024.122,1643624.69,661670.57
202007,2021,brand_m,,off_trade,47728.62,566267.33,133570.29
202204,2022,brand_m,,off_trade,41088.573,533031.82,108791.3
202207,2023,brand_l,,on_trade,4235.391,48998.29,14021.61
202203,2022,brand_f,,on_trade,84020.085,374492.96,148453.68
202108,2022,brand_k,,on_trade,4705.209,369322.29,33454
202109,2022,brand_k,,on_trade,5757.57,190917.02,40936.53
202205,2022,brand_k,,on_trade,5007.573,169232.05,35604.04
202105,2021,brand_m,,on_trade,1863.108,47703.01,6056.04
201807,2019,brand_e,,on_trade,1140.597,-19264.09,3462.86
202204,2022,brand_f,,off_trade,64151.919,435874.75,126188.98
202205,2022,brand_c,,on_trade,3249,10288.84,7075.8
201909,2020,brand_l,,off_trade,16648.785,89661.96,50325.09
202004,2020,brand_i,,on_trade,722.394,6681.88,3366.87
201907,2020,brand_b,,on_trade,99253.35,287254.33,143473.81
202112,2022,brand_k,,off_trade,4351.194,149308.27,30937.05
202102,2021,brand_m,,on_trade,390.6,17918.78,2795.94
202201,2022,brand_c,,on_trade,693,281.96,1509.25
201910,2020,brand_h,,on_trade,46372.239,270171.96,56013.31
201907,2020,brand_l,,off_trade,12873.609,105060.92,38913.62
202103,2021,brand_j,,on_trade,2440.197,-975.04,4849.39
202205,2022,brand_l,,on_trade,7706.376,87720.74,24067.92
201812,2019,brand_m,,on_trade,1461.33,41270.47,5232.34
201901,2019,brand_m,,on_trade,923.724,13684.4,3183.29
202001,2020,brand_j,,on_trade,9911.988,84920.06,17486.64
202106,2021,brand_k,,on_trade,6688.215,217905.72,48430.58
201807,2019,brand_m,,on_trade,1247.121,41099.96,8783.81
201908,2020,brand_m,,off_trade,27287.721,249709.05,76401.68
202205,2022,brand_d,,on_trade,9733.5,32268.17,19231.8
202302,2023,brand_k,,off_trade,788.994,17953.86,5539.56
202007,2021,brand_i,,on_trade,1415.403,13910.11,6440.87
202103,2021,brand_i,,on_trade,529.74,1377.01,2381.01
202207,2023,brand_e,,off_trade,46265.292,379740.89,101671.79
202209,2023,brand_d,,on_trade,10314,32503.3,19160.53
202011,2021,brand_h,,on_trade,3689.415,22402.05,4633.32
202012,2021,brand_h,,on_trade,3917.403,-47655.99,4945.7
201809,2019,brand_j,,on_trade,14170.815,123935.6,25295.6
202301,2023,brand_c,,on_trade,738,2526.98,1610.78
201907,2020,brand_i,,on_trade,470.394,6686.4,2508.8
202011,2021,brand_i,,off_trade,61100.352,621606.96,281383.55
202101,2021,brand_i,,off_trade,18985.194,177048.15,88294.29
202006,2020,brand_j,,off_trade,30219.003,76245.89,53328.88
202207,2023,brand_k,,off_trade,2480.994,84922.06,17419
202004,2020,brand_k,,on_trade,414.594,43443.5,2934.5
